10.264,35.525,23.479,5.9536,41.594,12.563,73.281,124.21,68.753,41,60,46,45,68.346,83,40.548,96,59.284,99.222,77.309,249.84,249.84,249.84,818.44,818.44,818.44,295.15,241.04,284.7,133.1,235.78,380.13,1
16.514,38.047,22.531,8.1953,42.298,11.083,29,32,63.687,37.742,55.418,106.55,68.075,58,69,56,51,54,75,131,50.961,50.961,50.961,236,236,236,151.23,250.06,299.59,319.19,237.35,424.26,1
9.5144,37.909,18.635,9.2762,39.929,6.0005,36,22,60.216,53,54.641,90.429,60.968,33.407,38,32,33.835,34,38,81.065,166.32,166.32,166.32,356.37,356.37,356.37,144.75,230.47,318.22,327.51,219.68,403.32,1
21.902,28.406,10.285,30.775,24.868,3.0958,39,46,47,39,54,48,34.498,37,38,37,46,43,43,39,242.69,242.69,242.69,701.37,701.37,701.37,130.26,179.23,353.57,336.17,164.82,358.22,1
34.137,22.591,6.2178,39.853,19.646,2.5933,35,45,30,32,34,38.014,85,109.44,42,51,46,43,58,43,225.29,225.29,225.29,396.69,396.69,396.69,121.02,155.64,377.56,342.39,144.66,338.1,1
34.8,23.208,6.4473,40.584,20.084,2.1759,22,43,33,30,27,31,22,95.46,40,40,46,44,48,29,292,292,292,846.51,846.51,846.51,123.55,154.62,388.11,334.84,145.13,332.63,1
33.111,23.677,6.833,40.429,20.119,1.2783,38,40,39,32,26,36,73,136,76,56,57,51,44,49,353.42,353.42,353.42,1161,1161,1161,122.77,157.6,399.85,335.95,144.57,332.09,1
29.006,25.603,7.1074,30.777,25.405,3.9609,36,34,40,42,43,31.867,42,128.88,49,48,52,44,64,50,257.31,257.31,257.31,496.06,496.06,496.06,124.93,167.93,398.85,330.88,165.52,343.59,1
36.179,23.577,6.6357,38.72,21.888,1.8013,36,44,36,42,43,37,41,50,52,40,45,49,52,35,359.81,359.81,359.81,417.38,417.38,417.38,124.17,153.19,420.06,339.03,148.19,324.14,1
38.665,22.442,4.3804,39.839,21.138,1.0724,25,38,40,37,44,41,58.562,202.86,75,57,56,41,51,50,346.41,346.41,346.41,441.45,441.45,441.45,118.02,147.96,159.35,342.83,146.07,302.44,1
38.032,22.566,4.0869,39.68,21.398,1.5352,46,46,30,27,41,50,66,236.23,34.114,52,47,57,41,35,330.38,330.38,330.38,430.51,430.51,430.51,115.53,149.16,135.43,337.43,147,300.82,1
35.544,25.394,5.7275,37.99,23.655,2.8096,34,45,44,37,36,51.958,76.261,281.73,57,58,37,57,48,32,206.82,206.82,206.82,300.83,300.83,300.83,120.99,154.88,72.935,332.62,151.52,287.78,1
27.153,28.636,7.6768,31.38,26.548,2.7096,51,50,43,50,57,78,95,91.68,56,54,47,51,48,62,352.25,352.25,352.25,556.18,556.18,556.18,124.54,172.12,135.18,335.05,163.45,304.91,1
38.833,21.821,2.6646,40.801,19.427,0.832,30,38,37,20,35,26,20,100.27,54,42,49,52,58,44,278.75,278.75,278.75,192.82,192.82,192.82,114.18,147.55,37.525,342.14,143.77,290.29,1
29.426,26.523,7.1357,32.963,24.209,3.4657,22,28,42,22,43,37.355,44.167,249.94,42,41,42,37,50,40,358.25,358.25,358.25,529.91,529.91,529.91,122.66,168.04,93.286,335.41,161.67,289.61,1
35.875,24.302,5.0303,38.252,22.606,1.7897,45,37,46,37,51,37,46,252.47,77,41,37,49,54,45,399.69,399.69,399.69,288.76,288.76,288.76,118.94,153.98,52.937,336.1,150.13,286.28,1
37.18,24.429,4.874,39.288,22.075,1.4175,39,44.836,49,32,28,36.661,114.31,327.22,60,49,42,45,45,34,286.56,286.56,286.56,413.74,413.74,413.74,120.13,152.9,71.843,334.9,149,279.85,1
35.634,24.485,4.8652,38.709,22.25,2.108,38,47,30,32,31,35.109,40.201,171.26,45,44,47,55,44,51,304.5,304.5,304.5,312.47,312.47,312.47,118.97,155.19,79.957,346.14,151.02,263.19,1
37.887,23.372,4.1553,39.711,21.292,1.3561,26,29,37,33,48,35,57.14,152.56,57,39,36,60,36,39,550.23,550.23,550.23,1060.7,1060.7,1060.7,117.5,150.35,86.767,336.97,147.37,263.16,1
38.631,22.02,4.2378,39.812,20.77,1.4438,29,55,37,36,40,29.924,66.551,250.49,45,41,50,57,50,32,508.94,508.94,508.94,425.19,425.19,425.19,118.33,147.84,93.103,335.59,146.27,258.21,1
24.847,25.425,6.8833,41.521,13.653,7.9746,206.13,134.9,109,71,125,98.326,68,36,44,35,58.023,37,63.432,36,384.88,384.88,384.88,110.92,110.92,110.92,331.05,178.98,194.24,146.3,137.8,283.69,2
39.404,20.41,0.90479,18.434,25.49,7.0903,28,43,40,34,39,30,25,166.63,160.41,72.002,66.325,101,53.568,45,99.577,99.577,99.577,586.48,586.48,586.48,111.94,146.71,66.762,324.34,187.95,40.05,2
40.161,18.862,0.6445,30.542,23.754,6.1514,25,37,43,29,40,43,32,54,62,45,44,50,42,51,150.61,150.61,150.61,620.33,620.33,620.33,108.1,143.85,78.604,326.57,163.97,39.355,2
40.196,18.738,0.60547,40.159,19.899,1.7803,35,35,24.048,32,36,26,32,44,44,48,52,48,45,45,138.51,138.51,138.51,572.99,572.99,572.99,110.9,143.78,85.619,335.09,145.8,33.988,2
40.173,18.539,0.69678,35.476,20.659,3.0684,25,45,59,46,34,23.333,37,38,43,58,41,52,61,52,213.31,213.31,213.31,912.99,912.99,912.99,111.46,143.57,89.722,330.89,154.79,29.184,2
40.188,0,1.2964,23.317,27.137,14.405,0,0,0,0,0,0,0,183.03,131.92,284.66,203.81,323.16,51,32,177.19,177.19,177.19,1468.1,1468.1,1468.1,113.12,142.06,89.653,303.8,183.85,25.183,2
40.536,17.765,0.18981,32.042,22.777,4.0454,33,41,44,37,29,25,35,42.604,58,39,39,43,36,48,67.927,67.927,67.927,743.5,743.5,743.5,108.65,142.33,319.74,330.49,162.87,14.764,2
40.617,17.593,0.51555,20.969,24.748,7.0068,40,27,41,25,40,34,32,100.35,121.35,48.145,39.551,48.714,66.186,44,103.25,103.25,103.25,882.07,882.07,882.07,107.9,142,327.44,323.04,182.63,10.333,2
40.708,17.368,0.21582,15.106,33.43,14.377,42,42,53,28,39,37,27,107.49,119.79,62.502,48.091,99.577,45,38,79.166,79.166,79.166,726.4,726.4,726.4,109.02,141.42,334.25,309.03,221.96,314.31,2
40.771,17.308,0.36279,18.021,28.32,6.2334,27,35,42,36,35,38,38,98.543,97.589,67,52,86,54,38,109.1,109.1,109.1,826.43,826.43,826.43,109.64,141.24,342.79,329.31,188.25,267.6,2
40.21,0,0.57129,18.813,29.155,6.4766,0,0,0,0,0,0,0,66.126,112.28,35,34,54.561,34.821,25,0,0,0,539.62,539.62,539.62,108.48,142.04,342.95,327.02,188.96,441.27,2
40.21,0,0.57129,21.765,30.06,7.7861,0,0,0,0,0,0,0,79.73,108.93,71.831,43.935,58,39,30,0,0,0,1105.4,1105.4,1105.4,108.48,142.04,342.95,327.02,186.75,374.75,2
40.985,16.684,2.0063,21.241,25.329,6.3608,47,39,49,41,41,33,37,93.243,167.83,58.874,54,70.911,72,56,100.57,100.57,100.57,815.6,815.6,815.6,116.39,140.23,309.79,327.35,182.37,427.06,2
40.904,16.793,1.8403,26.552,24.237,3.7588,49,47,42,43,33,35,28,106,81,65,45,64,30,43,61.494,61.494,61.494,659.67,659.67,659.67,115.39,140.5,319.55,331.02,170.76,422.51,2
40.79,17.273,1.7056,26.229,24.679,5.7783,37,36,28,38,39,41,31,50,36.431,35,34,75.951,47,60,122.97,122.97,122.97,674.49,674.49,674.49,115.16,141.18,326.91,329.44,173.06,416.7,2
40.696,17.377,1.9731,17.999,27.464,8.895,36,43,39,27,36,39,39,100.57,149.1,50.298,49.129,84.491,67,34,98.134,98.134,98.134,605.82,605.82,605.82,116.61,141.59,333.35,320.81,188.95,413.16,2
40.935,0,1.582,18.623,29.236,12.548,0,45,0,0,0,0,0,78.27,157.23,55.063,49,51.296,35,40.005,0,0,0,635,635,635,117.01,141.5,332.68,318.26,204.79,398.7,2
41.033,16.52,2.9619,17.033,31.746,10.542,40,43,36,37,36,29,31,65.977,95,74,80.169,92,71,52,133.68,133.68,133.68,579.19,579.19,579.19,119.78,139.94,293.02,319.23,210.95,397.26,2
40.688,17.462,2.6968,27.25,25.165,4.2827,35,37,45,33,37,38,28,78.465,80.421,46,57,49.693,43,43,197.92,197.92,197.92,853.01,853.01,853.01,118.87,141.51,304.37,332.48,173.02,392.72,2
41.037,15.961,2.1855,15.843,34.498,10.847,31,33,41,33,43,40,43,128,169.61,89,64,62.991,49,57,63.438,63.438,63.438,698.19,698.19,698.19,117.64,138.97,311.68,317.41,215.9,382.57,2
37.6,26.17,2.5884,36.247,26.823,7.5254,324.1,160.81,84.212,48.013,202.69,110.1,144.4,293.37,210.37,131.73,186.09,101.37,245,262.12,293.19,293.19,293.19,344.44,344.44,344.44,333.02,155.73,157.55,130.61,158.17,320.66,3
36.151,23.612,3.9272,39.256,19.585,1.9609,52.496,73.279,41,35.892,41.556,120.87,166.28,292.32,164,95,60,74,57.815,104,249.65,249.65,249.65,371.86,371.86,371.86,120.1,154.37,298.01,333.61,146.47,182.03,3
37.935,22.486,2.4951,40.428,18.841,1.3628,43,40,42,28,47,52,27,44,34,50,54,44,54,44,134.16,134.16,134.16,274.64,274.64,274.64,117.23,150.93,311.2,334.12,143.22,183.38,3
39.136,20.68,2.6064,41.388,16.979,0.93994,38,39,43,39,36,31,19.242,55,46,63,50,49,47,44,200.44,200.44,200.44,185.49,185.49,185.49,117.41,147.56,311.28,336.53,139.98,174.31,3
40.364,18.797,2.5728,41.67,16.644,0.45703,36,41,36,35,34,32,20,36,56,46,51,45,47,42,142.91,142.91,142.91,298.13,298.13,298.13,118.23,143.23,321.93,338.63,138.78,168.96,3
37.398,23.287,3.3477,39.861,19.631,1.1279,37,74,38.792,40,41,42,32,34,58,50,59,47,43,36,209.12,209.12,209.12,206.6,206.6,206.6,119.07,152.23,332.37,335.52,145.01,166.36,3
39.308,19.876,2.5376,41.371,16.835,0.79577,30.029,73.69,60,49,26,32,29.723,41,37,38,46,40,40,40,170.82,170.82,170.82,245.59,245.59,245.59,117.65,146,335.64,339.24,139.96,155.38,3
40.084,19.33,1.1382,41.677,16.879,0.98389,28,54.58,43,42,38,37,28,41,46,52,41,42,48,47,281.43,281.43,281.43,130.3,130.3,130.3,112.76,144.04,357.06,335.34,139.25,154.92,3
38.935,21.418,2.3965,40.944,18.279,0.69678,44,40,33,36.769,27,39,36,33,42,51,48,44,46,46,240.22,240.22,240.22,209.96,209.96,209.96,116.67,147.99,369.25,336.73,141.6,142.17,3
36.261,24.045,3.7588,39.352,19.688,1.2441,71.137,83.518,76,48,26,27.644,67.104,37.06,58,63,100,69,77,43,336.69,336.69,336.69,174.2,174.2,174.2,120.57,154.68,370.53,335.63,146.04,143.44,3
35.125,25.563,3.0557,37.403,22.144,2.2686,68,52,54,27.653,29,43,85,62,30.281,57,42,71,47,33,380.56,380.56,380.56,207.94,207.94,207.94,118.05,157.63,376.87,332.92,150.74,135.94,3
37.96,21.098,4.3818,39.871,18.042,2.0376,20.416,56.829,34,29,27,40.79,74.335,82.706,85,63,48,52,35.367,41,500.98,500.98,500.98,372.91,372.91,372.91,123.19,149.1,394.67,333,143.1,129.29,3
36.112,24.133,3.7778,38.554,20.657,1.6665,62,76.531,81,66,85,110,71,59.402,83,57,47,62,62.965,36,418.14,418.14,418.14,292.66,292.66,292.66,120.25,154.92,403.45,334.19,147.84,117.14,3
37.455,22.581,3.0898,39.936,18.989,1.3765,29.981,78.108,58,40,47,43.107,65.508,94,49,46,27,48,51,41,338.34,338.34,338.34,363.01,363.01,363.01,118.34,151.67,413.35,334.02,143.67,115.83,3
36.774,23.498,3.4658,39.611,19.045,1.7949,43.924,66.591,36,39,37,46,24,56,44,47,44,45,57,43,193.96,193.96,193.96,267.95,267.95,267.95,119.56,153.61,427.19,333.4,145.03,106.2,3
37.423,22.536,3.4194,39.965,18.527,1.1693,57.289,106.65,33.437,49,40,32.338,36,45.442,52.351,48,57,61,75,58,714.93,714.93,714.93,470.73,470.73,470.73,119.97,151.81,433.21,338.56,144.16,94.455,3
39.19,20.523,3.4766,41.147,17.62,0.94872,32,25.051,39,31,34,35,33,42,50,47,34,44,48,46,407.9,407.9,407.9,536.55,536.55,536.55,120.32,146.97,441.28,335.41,140.84,91.385,3
37.768,22.614,3.8184,39.916,19.596,1.6183,48.747,64.937,40,57,48,43,49.689,89,42.916,31,47,52,41.035,36.032,608.89,608.89,608.89,734.29,734.29,734.29,121.36,150.72,182.1,334.84,144.15,87.817,3
38.35,22.283,2.3511,40.621,17.937,1.9209,54.585,171.4,75.803,42.194,33,60,55.839,48,77,61,48,49,60,58,643.88,643.88,643.88,410.37,410.37,410.37,116.66,150.62,14.527,332.18,142.54,82.477,3
37.038,23.861,3.1299,39.407,19.335,3.2388,91,219,71,52,34,40.358,93.06,85.152,52,46,58,76.278,123,90,552.35,552.35,552.35,469,469,469,118.07,153.65,23.193,326.82,144.95,83.877,3
20.807,37.254,14.947,41.858,13.885,4.2354,256.74,182.62,81.275,128,171.72,81.064,99.503,43,36,38,44,27,37.041,32.3,201.54,201.54,201.54,63.944,63.944,63.944,309.13,259.05,269.4,128.18,136.02,344.02,4
40.666,17.473,1.5693,18.537,27.957,10.091,40,34,44,32,36,27,44,76,49,35,31,38,42,51,90.56,90.56,90.56,392.2,392.2,392.2,114.63,141.79,290.3,319.68,186.88,373.73,4
40.789,17.098,1.9097,31.463,21.048,5.0142,42,33,35,35,29,25,38,41.063,60,51,54,56,47,50,123.46,123.46,123.46,471.29,471.29,471.29,115.92,141.03,296.3,332.43,161.74,346.06,4
40.851,16.899,1.4009,36.058,19.551,6.1411,38,30,42,34,37,40,35,63,56,48,48,41,39,33,94.697,94.697,94.697,243.12,243.12,243.12,113.69,140.67,306.06,326.63,150.57,335.13,4
41.045,0,1.4282,25.623,24.233,9.916,0,0,0,0,45,0,0,74,54,40,45,48,35,40,84.375,84.375,84.375,320.71,320.71,320.71,113.92,140.19,309.22,320.38,172.48,338.93,4
41.045,0,1.4282,19.373,27.771,10.31,0,0,0,0,45,0,0,104.15,71,56,70,49,38,43,84.375,84.375,84.375,734.07,734.07,734.07,113.92,140.19,309.22,320.93,199.07,359.37,4
41.045,0,1.4282,12.944,33.927,16.71,0,0,0,0,45,0,0,54,78,81,70,50,52,39,84.375,84.375,84.375,347.94,347.94,347.94,113.92,140.19,309.22,306.46,229.7,369.66,4
41.045,0,1.4282,30.422,21.575,8.4727,0,0,0,0,45,0,0,45,46,54,44,53,40,38,84.375,84.375,84.375,237.98,237.98,237.98,113.92,140.19,309.22,321.7,162.86,322.16,4
41.045,0,1.4282,17.829,31.125,14.71,0,0,0,0,45,0,0,45.977,42,41,42,42,46,43,84.375,84.375,84.375,259.75,259.75,259.75,113.92,140.19,309.22,312.35,219.35,351.18,4
41.045,0,1.4282,23.95,23.496,9.1997,0,0,0,0,45,0,0,68,54,46,51,56,48,47,84.375,84.375,84.375,474.12,474.12,474.12,113.92,140.19,309.22,323.41,175.52,319.78,4
41.045,0,1.4282,27.586,22.611,15.715,0,0,0,0,45,0,0,75.606,136.91,348.69,226.99,245.66,44,50,84.375,84.375,84.375,1915.1,1915.1,1915.1,113.92,140.19,309.22,295.97,171.54,309.31,4
41.226,15.728,1.1528,21.29,26.001,11.305,41,28,42,34,36,30,23,84.503,42,53,48,56,46,41,95.015,95.015,95.015,309.53,309.53,309.53,113.07,138.82,309.23,314.66,182,310.89,4
41.27,15.879,1.4648,25.527,24.636,7.8369,38,40,34,48,40,41,32,94.597,47,44,34,55.113,49,42,150.1,150.1,150.1,478.9,478.9,478.9,114.54,138.93,317.36,328.11,173.14,292.21,4
41.452,15.11,1.6636,20.657,25.396,11.643,29,33,36,46,47,30,27,62,46,33,38,41,45,46,146.93,146.93,146.93,185.74,185.74,185.74,114.79,137.73,320.95,315.99,182.01,301.62,4
41.022,16.554,1.6465,25.015,24.249,10.237,9,56,25.14,10,38,39,32,24,59,71,52,46,41,28,75.762,75.762,75.762,312.55,312.55,312.55,113.98,139.41,333.91,317.42,173.64,292.17,4
41.045,0,1.8677,24.371,25.431,10.942,0,0,45,0,0,0,0,67,76,38,40,36,41,36,0,0,0,204.34,204.34,204.34,113.51,139.08,333.86,316.12,175.54,289.32,4
41.045,0,1.8677,16.18,32.296,15.55,0,0,45,0,0,0,0,56.755,78,66,63,64,47,42,0,0,0,275.8,275.8,275.8,113.51,139.08,333.86,306.49,217.89,313.75,4
41.045,0,1.8677,12.876,33.966,14.598,0,0,45,0,0,0,0,70,77,70,97,68,48,39,0,0,0,403.02,403.02,403.02,113.51,139.08,333.86,309.55,238.05,313.86,4
41.045,0,1.8677,18.835,29.983,13.92,0,0,45,0,0,0,0,79,51,36.758,48.342,32,38,52,0,0,0,341.11,341.11,341.11,113.51,139.08,333.86,313.05,212.67,297.76,4
41.045,0,1.8677,10.411,33.619,19.051,0,0,45,0,0,0,0,61.902,53,63,72,49,42,40,0,0,0,222.88,222.88,222.88,113.51,139.08,333.86,300.7,240.4,313.51,4
30.574,20.746,7.9567,42.006,12.988,6.3457,59,82.306,58.296,39.405,118.1,36,32,34,30,50,57,38,34,42,939.27,939.27,939.27,150.54,150.54,150.54,363.9,285.11,246.15,139.82,135.54,289.58,5
40.542,17.785,0.36963,20.145,25.939,7.5933,32,42,33,33,38,43,36,42,43,65,52,60,38,30,106.7,106.7,106.7,266.31,266.31,266.31,109.92,142.25,339.61,322.11,198.16,32.42,5
40.518,17.911,0.48877,19.498,21.982,4.1274,29,37,33,33,42,32,31,28.645,39.504,41,40,55,48,41,178.58,178.58,178.58,504.49,504.49,504.49,110.37,142.43,348.7,330.86,187.2,72.07,5
40.452,0,0,23.143,21.949,4.0361,0,0,0,0,0,0,0,62,61,61,49,53,44,40,36.562,36.562,36.562,348.38,348.38,348.38,107.97,143.67,357.46,338.29,204.18,165.76,5
40.452,0,0,21.229,22.361,4.2314,0,0,0,0,0,0,0,47,88,62,54,55,51,45,36.562,36.562,36.562,381.14,381.14,381.14,107.97,143.67,357.46,331.08,182.7,254.08,5
40.452,0,0,20.105,23.264,4.2568,0,0,0,0,0,0,0,62,66.776,42,36,44,51,45,36.562,36.562,36.562,924.63,924.63,924.63,107.97,143.67,357.46,332.24,190.03,261.98,5
40.61,17.525,0.61035,24.839,23.001,5.4736,33,35,41,35,47,40,25,37,43.995,55,52,31,53,38,141.55,141.55,141.55,404,404,404,110.73,141.94,304.45,326.96,173.8,272.95,5
40.746,17.261,0.64795,30.391,22.009,5.6304,28,39,35,46,34,29,38,47,80,45,51,48,42,44,141.94,141.94,141.94,336.19,336.19,336.19,110.96,141.43,312.03,325.55,162.56,340.75,5
40.009,19.182,3.5347,18.883,23.048,5.1724,47.061,36,32,38,42,47,47,53,113.19,62.294,26.23,51,49,44.685,1399.3,1399.3,1399.3,2089.7,2089.7,2089.7,120.17,145.7,324.19,326.37,188.53,276.84,5
40.497,17.562,1.0869,20.572,21.441,3.883,41,37,33,20.399,30,37,33,70,78,48,40,52,43,41,157.98,157.98,157.98,310.19,310.19,310.19,112.69,142.03,329.81,334.33,193.88,323.73,5
40.649,0,0.54932,22.568,23.002,7.4041,0,0,0,0,0,0,0,85.088,76.451,294.42,595.49,509.47,75,41,0,0,0,1151.1,1151.1,1151.1,110.8,141.33,331.87,332.65,240.26,222.42,5
40.296,18.47,3.2427,24.8,19.546,6.0585,29,40,42,44,36,38,42,34,42.492,24,28,34,49,52,157.5,157.5,157.5,606.85,606.85,606.85,120.85,143.55,269.94,349.06,222.8,270.12,5
40.412,18.155,3.3564,20.234,20.84,3.319,34,43,32,28,35,32,20,77,75,67,67,49,44,41,177.87,177.87,177.87,804.69,804.69,804.69,121.67,143.04,276.02,336.84,187.05,338.6,5
40.533,17.713,2.6748,19.863,21.403,4.1753,27,40,36,40,30,24,26,25.328,41,47,44,47,44,41,250,250,250,545.84,545.84,545.84,118.79,142.3,283.14,331.69,190.66,329.9,5
40.361,18.52,2.6069,20.594,21.482,4.1279,47,40,46,74,46,78,10,49,50,68,52,52,45,45,117.24,117.24,117.24,551.71,551.71,551.71,116.92,142.19,288.98,330.66,184.1,341.91,5
40.298,0,2.8125,24.266,19.928,3.9629,0,0,0,0,0,0,0,26.433,63,49,48,50,42,40,0,0,0,490.1,490.1,490.1,117.03,142.16,289.62,340.65,208.44,282.86,5
40.298,0,2.8125,33.8,20.921,3.6665,0,0,0,0,0,0,0,50,30.986,44,46,61,42,50,0,0,0,503.79,503.79,503.79,117.03,142.16,289.62,331.93,157.05,370.8,5
40.298,0,2.8125,25.218,20.724,3.0537,0,0,0,0,0,0,0,52,52,54,59,52,51,30,0,0,0,569.11,569.11,569.11,117.03,142.16,289.62,335.91,176.8,333.48,5
40.298,0,2.8125,30.101,21.558,4.52,0,0,0,0,0,0,0,39,39.407,49,33,37,55,47,0,0,0,493.28,493.28,493.28,117.03,142.16,289.62,328.39,163.78,366.3,5
40.298,0,2.8125,24.004,20.781,5.0224,0,0,0,0,0,0,0,50,51.698,31,40,36,43,31,0,0,0,655.33,655.33,655.33,117.03,142.16,289.62,339.03,208.71,293.45,5
40.298,0,2.8125,23.422,20.017,7.3917,0,0,0,0,0,0,0,58.36,69.677,184.64,251.21,336.18,54,41,0,0,0,731.43,731.43,731.43,117.03,142.16,289.62,324.53,246.97,397.64,5
13.201,36.386,6.2949,5.1179,44.66,5.9585,214.54,111.33,104.75,50,111.68,97.341,94.669,58.871,77.287,34.283,113.5,47.904,109.38,110.47,914.23,914.23,914.23,794.3,794.3,794.3,325.44,255.17,141.88,120.24,226.39,299.03,6
14.662,34.439,6.7295,14.372,37.183,13.999,138.86,37.187,45,43,38.839,39,24.981,54,43.21,37,41,36,55,73.301,111.04,111.04,111.04,227.4,227.4,227.4,318,200.17,293.62,140.77,194.88,342.5,6
18.253,31.326,11.947,18.129,36.045,13.056,108.42,36,36,54,33,43,37,38,39,41,62,49.982,65.488,45.763,274.38,274.38,274.38,183.12,183.12,183.12,313.4,185.42,221.81,134.48,192.05,16.901,6
35.178,23.104,5.1162,33.438,26.188,3.918,46,53,50,43,49,46,56,34,27,40,44,46,53.583,48,428.66,428.66,428.66,270.25,270.25,270.25,328.11,154.32,200.04,117.42,159.69,34.643,6
27.291,28.749,15.285,24.483,34.632,13.147,131.57,217.46,79.127,48.922,56,50,72,38.772,38.015,37.979,118.12,83.41,109,116,1576.8,1576.8,1576.8,2278.4,2278.4,2278.4,305.14,175.53,192.5,133.37,181.25,64.729,6
20.478,31.882,13.347,18.656,37.889,6.5942,225.29,94,70,58,50,51,48,40,48,45,30,33.018,51.701,111.13,406.14,406.14,406.14,232.76,232.76,232.76,309.75,185.46,175.95,129.97,191.09,80.313,6
26.534,30.315,8.4971,24.897,27.983,9.1226,32.256,35,50.625,24,46,54.854,58.501,107.97,46,58,36,56,50,48.765,572.56,572.56,572.56,415.36,415.36,415.36,124.79,176.51,175.33,320.03,173.5,125.17,6
18.507,37.799,15.797,22.219,32.397,10.181,22.802,43.165,44,38,63,75,85.654,139.91,41,58,42,45,51,34,373.19,373.19,373.19,253.81,253.81,253.81,133.97,188.92,186.13,319.63,182.08,119.48,6
28.445,29.89,8.707,30.917,26.149,4.0996,20,35,45,40,27.35,51.96,76.537,72.633,58,53,47,54,47,50,423.94,423.94,423.94,326.78,326.78,326.78,126.95,172.06,196.82,329.66,165.9,103.52,6
30.245,28.616,5.8696,32.553,24.369,3.5044,42,30,45.334,38,31,22.539,45.211,38.97,44,42,43,47,52,66,554.5,554.5,554.5,426.59,426.59,426.59,122.88,166.34,203.12,332.58,157.97,98.696,6
32.417,27.162,5.0767,34.352,24.569,2.5516,59,49.914,101.07,34.334,36,47,26.114,45,41,56,57,83,52,68.691,598.27,598.27,598.27,502.76,502.76,502.76,117.16,163.97,222.3,336.02,156.37,90.46,6
30.521,27.326,6.4912,34.645,24.75,8.084,27,28,26,31,49,27,33.427,103.11,49,58,46,56,40,27,925,925,925,599.44,599.44,599.44,124.95,166.61,237.23,326.21,160.8,77.504,6
29.298,27.63,5.3433,34.778,23.436,5.9517,52,25,26.671,38,52,60,51.46,30.737,59,46,53,39,56,61,757.62,757.62,757.62,516.75,516.75,516.75,120.05,165.16,243.56,326.52,157.23,78.397,6
33.414,29.337,5.4106,42.027,14.852,0.6614,57,44,47,37,50.735,145.67,224.19,43,64,52,44,48,42,40,132.13,132.13,132.13,185.74,185.74,185.74,124.12,164.17,281.05,343.56,136.59,61.601,6
24.741,31.61,15.935,24.989,28.496,11.098,53.572,49,58.003,45,32,46.077,113.58,140,88,51,42,37,67,60,877.38,877.38,877.38,488.75,488.75,488.75,136.17,183.98,260.46,317.5,172.72,63.372,6
24.36,33.179,10.671,26.554,29.184,10.096,51.655,61.393,78.534,34.371,29,52,124,70.616,44,54,43,64,47,38.974,633.19,633.19,633.19,630.62,630.62,630.62,125.29,182.48,274.13,321.63,172.96,56.022,6
33.037,23.639,4.8111,36.884,21.624,7.0508,33,34,25,30,44,43,33,42.501,37,54,55,53,54,55,894.62,894.62,894.62,662.81,662.81,662.81,118.1,154.74,288.76,334.13,155.42,42.062,6
25.239,30.154,3.7275,33.346,25.815,7.1909,41.559,34.605,35,23,29,36.145,66.005,51.869,44.296,42,43,45,36,43,682.56,682.56,682.56,594.19,594.19,594.19,113.79,175.88,298.54,326.75,160.14,40.418,6
29.843,29.604,9.1104,29.19,26.189,4.6704,51.339,57,117,38,35,20.483,83.571,118,38,47,31,80,86,37.756,1096.2,1096.2,1096.2,714.06,714.06,714.06,127.9,171.78,296.2,328.56,166.56,36.766,6
37.795,21.814,3.2202,39.44,19.716,1.4949,39,59,29,31,42,38,30,51,52,46,38,46,52,37,665.49,665.49,665.49,494.89,494.89,494.89,120.35,147.76,305.82,337.72,144.88,32.88,6
37.208,19.227,5.23,39.732,15.947,3.3404,58.652,139.91,68.966,44.718,33,37.029,139.81,152,83,60,34.082,178.33,121.11,79.989,1068.8,1068.8,1068.8,952.31,952.31,952.31,141.33,142.84,289.77,296.9,138.93,72.8,6
39.415,11.074,8.1416,41.824,13.946,3.5835,304.51,100.16,51.643,36.34,127.22,90.336,112.05,43,39,32,62,68,72,65,165.19,165.19,165.19,92.986,92.986,92.986,380.63,313.59,198.12,125.02,136.04,346.21,7
42.354,9.2593,11.155,41.022,16.389,3.4883,269.39,62.527,62,51,196.77,101.86,95.979,43,25,29,24,30,32,32,33.416,33.416,33.416,31.938,31.938,31.938,397.06,313.94,50.924,123.17,140.24,340.66,7
28.07,18.248,5.5237,40.984,16.666,4.3877,239.56,54.395,60,68,110.86,77.733,60.941,30,43,40,39,33,29,25,736.12,736.12,736.12,126.59,126.59,126.59,369.27,287.82,158.95,126.8,140.57,343.91,7
23.257,20.59,5.2864,41.114,16.281,4.0337,129.34,87,81,74,102,68,81.097,29,44,34,34,37,41,26,513.06,513.06,513.06,142.29,142.29,142.29,362.84,241.81,242.33,125.51,140.03,351.14,7
19.492,20.817,7.0885,41.025,16.295,3.9883,222.52,72,48,57,50,52.529,64.766,33,39,31,34,38,25,41,395.22,395.22,395.22,55.002,55.002,55.002,357.99,268.78,235.94,125.27,140.01,357.67,7
41.208,9.0171,12.139,41.309,0,4.0869,219.69,45.04,55,57,95.18,115.58,83.057,45,0,0,45,0,0,0,33.244,33.244,33.244,0,0,0,403.86,312.91,40.393,126.45,139.08,359.81,7
18.276,20.797,6.9106,41.309,0,4.0869,122.59,50,47,45,29.91,70.406,63.442,45,0,0,45,0,0,0,371.39,371.39,371.39,0,0,0,365.44,261.97,226.39,126.45,139.08,359.81,7
18.66,22.41,7.4501,41.309,0,4.0869,247.54,57,35,42,73.561,94.046,58.586,45,0,0,45,0,0,0,572.28,572.28,572.28,0,0,0,359.87,265.79,238.73,126.45,139.08,359.81,7
22.365,20.386,5.3399,41.309,0,4.0869,226.27,66,50,47,37,45.972,48.345,45,0,0,45,0,0,0,672.25,672.25,672.25,0,0,0,368.55,245.44,214.87,126.45,139.08,359.81,7
39.116,14.933,6.5864,41.309,0,4.0869,220.06,47.083,37,40,43.528,52.652,55.321,45,0,0,45,0,0,0,119.21,119.21,119.21,0,0,0,375.6,305.2,200.76,126.45,139.08,359.81,7
35.567,14.226,8.3584,41.154,15.669,6.2886,167.13,42.576,37,48,51,75.028,48.761,45,33,34,31,20,32,40,452.51,452.51,452.51,46.347,46.347,46.347,389.62,299.75,133.71,135.51,139.84,298.02,7
30.927,18.446,6.1586,41.164,15.505,6.0591,180.65,55,41,36,51.413,84.423,64,28,44,41,34,37,35,24,623.25,623.25,623.25,82.976,82.976,82.976,375.63,289.71,206.02,134.72,139.32,303.92,7
39.895,10.164,12.458,41.056,15.797,6.0781,201.79,39,56,42,41.329,99.358,54.814,39,40,41,27,49,51,29,126.43,126.43,126.43,66.815,66.815,66.815,401.02,309.77,103.12,134.44,140.17,310.99,7
41.561,8.4238,13.736,41.171,15.713,5.0747,294.43,36.964,47,43,31.217,102.19,75.746,29,32,36,39,31,37,21,64.018,64.018,64.018,35.121,35.121,35.121,409.12,311.14,41.367,130.17,139.48,311.07,7
41.843,8.9565,11.862,41.133,0,5.8008,274.86,47.011,37,35,63,87,68.198,0,0,0,0,0,0,0,107.81,107.81,107.81,25.312,25.312,25.312,402.69,313.42,446.54,131.22,140.19,311.81,7
32.729,16.256,7.3579,40.874,16.416,6.2949,242.13,65.611,45.125,38,76.517,103.96,89.372,33,42.112,30,45,32,39,68,363.62,363.62,363.62,109.38,109.38,109.38,384.34,295.42,157.81,134.72,141.16,282.52,7
18.967,21.115,8.0011,40.854,16.559,6.1113,172.62,48.335,31,51,138,183,84,19,71,34,31,36,17.858,67.328,590.25,590.25,590.25,85.532,85.532,85.532,367.32,267.08,395.65,133.46,141.29,289.62,7
19.6,19.183,5.2621,41.214,15.355,6.23,235.35,65,58,52,45,55.532,57.405,42,54,38,27,35,34,44.978,429.63,429.63,429.63,163.51,163.51,163.51,371.6,263.54,393.1,135.58,139.26,291.89,7
24.946,20.923,7.8975,40.893,16.398,6.0601,292.05,63,55,36,39,59.767,43,21.291,33,18,31,21,38,72,501,501,501,75.375,75.375,75.375,363.24,277.39,396.49,133.45,140.99,299.7,7
19.697,21.159,7.577,41.389,15.203,3.5396,180.39,36,43,51,62,50,54,16.422,24,38,32,35,34,35,488.24,488.24,488.24,159.62,159.62,159.62,363.95,261.95,376.71,123.6,138.07,302.39,7
12.901,40.005,15.332,42.012,0,4.2847,303.98,247.26,209,208,208.49,107.48,123.26,0,0,0,0,0,0,0,159.65,159.65,159.65,292.5,292.5,292.5,312.31,243.58,112.03,128.64,136.42,344.74,8
11.293,37.397,12.625,42.012,0,4.2847,276,201.1,85.377,57.663,141.55,64.95,61.658,0,0,0,0,0,0,0,174.38,174.38,174.38,292.5,292.5,292.5,314.14,234.71,100.57,128.64,136.42,344.74,8
26.778,29.034,1.4766,40.873,16.431,6.083,85.622,57,37,25.239,54,48,34,38,26,25,41,35,25,27,451.79,451.79,451.79,75.667,75.667,75.667,337.29,171.36,66.186,133.67,140.95,279.01,8
16.633,31.175,8.0923,40.794,16.463,5.6284,193.18,131.76,77.985,42.623,115.87,28.928,94.079,34,26,35,21,48,32,36,316.95,316.95,316.95,109.12,109.12,109.12,320.51,189.22,73.744,131.97,140.99,285.22,8
12.277,39.27,8.9468,39.514,19.349,8.2744,255.18,118.91,82,52.353,109,53,37.723,32,27,35,31,37,45,30,613.92,613.92,613.92,666.69,666.69,666.69,321.71,233.52,64.518,135.45,146.28,315.39,8
18.455,29.414,7.9941,39.948,18.54,6.8711,106,29,34,36,50,47,25.865,30,47,24,31,42,35,37,164.63,164.63,164.63,348.81,348.81,348.81,321.52,187.4,43.796,133.75,144.96,332.97,8
26.839,27.053,7.4028,40.235,18.277,6.061,57.448,69.248,50,42,39,51,52,44,34,38.713,26,50,33,29,219.97,219.97,219.97,146.31,146.31,146.31,323.04,172.76,41.234,131.56,144,337.79,8
21.381,27.855,6.248,40.44,17.564,6.0117,135,88,61,47,51,62,56,33.464,29,49,42,35,32,34,205.57,205.57,205.57,229.94,229.94,229.94,325.96,181.61,35.771,131.69,142.94,344.23,8
17.613,29.642,6.9795,40.576,17.292,6.1436,241.85,99.158,61,42,59,57,109.58,23,33,37,43,47,42,32,295.74,295.74,295.74,94.826,94.826,94.826,323.67,191.27,29.402,133.13,142.52,345.36,8
18.706,29.77,7.5225,40.737,0,5.1196,159.49,79.567,73,65,50,45,55.489,0,0,0,0,0,0,0,534.4,534.4,534.4,112.5,112.5,112.5,321.48,196.55,25.953,128.4,141.66,349.56,8
18.199,31.682,13.791,40.737,0,5.1197,209.61,87.661,77.061,55,40.276,34,52.284,0,0,0,0,0,0,0,581.88,581.88,581.88,112.5,112.5,112.5,311.87,203.72,168.2,128.4,141.66,349.56,8
19.438,28.106,7.144,40.594,17.193,5.854,238.49,72,76,64,55,51,57,31,41,29,35,45,30,24,418.56,418.56,418.56,317.25,317.25,317.25,322.14,195.32,172.85,131.67,142.32,296.08,8
21.71,25.601,4.7041,41.053,16.029,5.8701,149,61.701,52,49,128.05,28,69.664,35,34,49,31,30,34,39,590.06,590.06,590.06,110.56,110.56,110.56,326.71,180.19,96.82,132.87,140.28,295.12,8
18.352,29.449,6.5083,40.81,16.54,5.895,134.35,66.168,46.654,41,88.099,25.664,48.666,26,42,35,30,33,34,37,438.69,438.69,438.69,72.563,72.563,72.563,323.97,193.86,236.07,132.79,141.24,300.74,8
17.4,33.803,9.6938,41.031,15.928,6.0835,206.61,70.836,52.876,45,70.064,41,49.943,30,35,38,34,33,34,32,187.26,187.26,187.26,76.354,76.354,76.354,321.4,221.79,160.55,134.05,140.24,309.19,8
10.898,36.963,9.8096,41.199,0,6.1084,374.95,162.46,87,42,113.96,42,68.596,0,0,0,0,0,0,45,157.45,157.45,157.45,143.44,143.44,143.44,318.57,239.75,109.64,133.58,139.69,308.24,8
12.571,36.537,9.8369,41.199,0,6.1084,235.27,116.62,59.448,47,104.79,32,54.583,0,0,0,0,0,0,45,288.73,288.73,288.73,143.44,143.44,143.44,318.74,236.45,441.36,133.58,139.69,308.24,8
13.524,35.27,10.104,41.199,0,6.1084,283.03,94.834,75.359,52,65,46,31.797,0,0,0,0,0,0,45,282,282,282,143.44,143.44,143.44,318.11,236.19,436.64,133.58,139.69,308.24,8
22.375,36.423,12.602,41.199,0,6.1084,413.67,153.64,69.855,35,45.726,51,57,0,0,0,0,0,0,45,39.648,39.648,39.648,143.44,143.44,143.44,313.05,261.86,436.78,133.58,139.69,308.24,8
23.055,36.382,12.51,41.199,0,6.1084,384.64,130.54,107.57,58.004,65,52,48.942,0,0,0,0,0,0,45,33.062,33.062,33.062,143.44,143.44,143.44,312.94,262.57,429.97,133.58,139.69,308.24,8
7.8415,29.063,28.674,41.196,14.957,7.0664,102.14,240.5,171.18,149.2,147.42,77.951,81.659,30,47,40,50,44,66,36,774.69,774.69,774.69,91.438,91.438,91.438,283.09,226.89,54.533,139.76,139.12,284.04,9
28.485,27.158,4.9635,41.924,0,2.8345,53,84,67,49,58,44,37,0,0,0,0,0,0,0,672.15,672.15,672.15,0,0,0,334.53,171.35,153.19,121.24,134.98,252.31,9
15.447,28.308,11.799,41.628,14.384,4.148,76.435,47.676,39.435,48,65,55,47,38,46,28,37,42,50,28,866.06,866.06,866.06,166.27,166.27,166.27,309.93,190.55,158.7,127.75,137.28,324.19,9
34.646,25.573,3.6907,41.896,13.496,4.8496,41,52,48,57,53,45,41,34,43,33,49,38,28,35,490.38,490.38,490.38,92.396,92.396,92.396,333.72,158.11,146.76,131.78,135.74,324.87,9
29.85,26.232,8.1709,41.85,13.348,4.7686,43,38,56,44,61,53,44,25,37,37,34,26,43,33,1084.6,1084.6,1084.6,55.84,55.84,55.84,323.95,166.63,145,131.63,135.67,333.94,9
8.2231,33.381,27.626,41.742,13.997,4.416,50,90.101,45,76,73.767,30,41,27,37,36,40,37,40,30,502.06,502.06,502.06,79.5,79.5,79.5,286.54,209.13,138.7,129.16,136.45,341.39,9
21.866,31.19,9.9683,38.95,19.981,8.7358,54,64,80,51,132.46,51,54,33,51,45,55,23,37,21,666.44,666.44,666.44,378.12,378.12,378.12,320.58,182.77,118.9,138.36,148.56,419.85,9
30.532,28.661,5.7656,39.622,19.204,7.417,52,66,81,56,56,27,43,27,38,42,27,40,30,21,325.58,325.58,325.58,163.81,163.81,163.81,327.33,164.38,111.81,135.24,146.28,426.06,9
13.052,34.396,14.785,39.231,19.91,7.3081,47.768,43,62,64,59.376,42,59,41,46,43,47,38,40,32,502.74,502.74,502.74,356.56,356.56,356.56,311.67,201.27,108.62,134.12,147.49,434.22,9
25.244,30.11,9.5879,39.134,20.187,7.0005,59,54,57,61,37,46,39,40,38,12.788,47,69,76,43,631.81,631.81,631.81,245.62,245.62,245.62,322.06,179.95,97.324,133.31,148.45,440.45,9
6.5298,38.538,18.136,39.265,0,6.7456,79.885,83.873,37.304,56.579,283.62,41.334,77.938,0,0,0,0,0,135,0,695.38,695.38,695.38,0,0,0,305.25,235.86,111.35,132.92,148.02,440.75,9
19.213,30.729,12.221,38.928,18.182,12.977,110.61,43.091,50,35,117.29,56,33.287,41,37,26,35,55,39,52,468.48,468.48,468.48,332.06,332.06,332.06,313.8,187.35,100.37,153.77,148.93,367.55,9
30.107,26.08,9.6519,40.204,17.17,9.0068,57,48,63,49,81,52.998,40,37,37,31,15.983,38,49,47,681.62,681.62,681.62,405.62,405.62,405.62,316.29,165.1,93.801,142.65,144.03,368.4,9
28.521,27.651,8.4082,40.273,17.186,8.3413,72.872,39,40,33,36,42,33,22,39,36,32,37,46,43,627.47,627.47,627.47,94.438,94.438,94.438,319.38,169.04,90.54,141.3,143.7,369.85,9
21.652,28.56,13.455,40.147,17.569,8.3286,65.12,57.396,50,50,151.83,26,55,31,43,44,38,37,34,29,696.61,696.61,696.61,136.5,136.5,136.5,310.08,181.78,85.226,140.52,144.34,375.93,9
18.374,31.115,13.886,40.605,0,7.8003,91.434,72.703,40.576,40.664,277.24,50.685,54.872,0,0,0,0,0,0,0,717.31,717.31,717.31,47.812,47.812,47.812,311.29,190.18,84.796,141.38,142,375.68,9
11.475,33.941,18.621,40.605,0,7.8003,89.668,61,64.439,57.535,149.82,44.136,55.523,0,0,0,0,0,0,0,470.62,470.62,470.62,47.812,47.812,47.812,302.87,208.46,84.744,141.38,142,375.68,9
11.516,34.886,19.911,40.605,0,7.8003,89.922,59.925,70,46,71.539,50,63.029,0,0,0,0,0,0,0,349.9,349.9,349.9,47.812,47.812,47.812,300.84,209.57,79.061,141.38,142,375.68,9
18.71,30.294,17.305,39.546,17.231,12.054,110.72,51.265,22.51,31.742,137.06,60,48.527,28,47,28,44,33,44,58.596,856.88,856.88,856.88,246.06,246.06,246.06,305.37,189.51,64.474,153.27,146.8,300.68,9
18.927,40.213,7.0396,41.209,12.116,12.224,38.606,72.087,49,57,72,42,46,39,41,42,25.946,36,44.771,131.99,134.19,134.19,134.19,28.16,28.16,28.16,348.82,255.83,104.36,165.48,139.6,301.94,10
25.513,37.424,2.5278,41.816,14.266,2.7036,49.397,151.31,67.508,50.993,31,47,69,32,29,46,64,35,38,28,252.36,252.36,252.36,27.177,27.177,27.177,331.83,267.63,360.32,120.64,136.21,236.89,10
25.975,36.163,5.6211,41.902,14.116,3.1333,39,91,79,77.14,65,53,34,29,36,40,53,38,39,38,411.52,411.52,411.52,153.22,153.22,153.22,325.99,269.38,348.61,122.89,136.07,241.03,10
19.392,35.64,10.614,41.938,13.844,3.1411,46,64.71,40.797,52.891,36,44,33,28,37,40,35,52,44,19,764,764,764,113.94,113.94,113.94,319.01,257.44,340.42,122.71,135.56,248.74,10
15.704,35.273,9.3311,41.924,0,2.8345,24.841,74.42,39.645,45.727,38,31,49,0,0,0,0,0,0,0,504.42,504.42,504.42,0,0,0,319.25,250.95,329.84,121.24,134.98,252.31,10
16.366,34.703,6.2407,41.924,0,2.8345,47.495,103.66,73,50,58,48,34,0,0,0,0,0,0,0,356.23,356.23,356.23,0,0,0,324.81,253.58,325.64,121.24,134.98,252.31,10
17.688,32.881,6.5742,41.924,0,2.8345,42,60,49,27,53,42,52,0,0,0,0,0,0,0,389,389,389,0,0,0,323.39,233.07,306.34,121.24,134.98,252.31,10
31.558,32.067,1.8638,41.924,0,2.8345,68,130.84,79,103,67,45,60,0,0,0,0,0,0,0,189.36,189.36,189.36,0,0,0,332.58,280.62,326.76,121.24,134.98,252.31,10
30.413,30.523,3.5393,41.924,0,2.8345,66,117.06,56.639,52,48,42,41,0,0,0,0,0,0,0,181.69,181.69,181.69,0,0,0,333.85,278.81,314.17,121.24,134.98,252.31,10
29.831,32.191,4.9102,41.924,0,2.8345,49,117.06,69.86,54.106,48,38,43,0,0,0,0,0,0,0,432.12,432.12,432.12,0,0,0,327.02,277.08,305.99,121.24,134.98,252.31,10
31.591,30.646,2.9185,41.924,0,2.8345,53,111,72,39.23,33,42,27,0,0,0,0,0,0,0,369.06,369.06,369.06,0,0,0,333.45,281.59,307.09,121.24,134.98,252.31,10
34.101,28.931,3.8696,41.924,0,2.8345,86.304,101,67.752,50,37,38,35,0,0,0,0,0,0,0,451.39,451.39,451.39,0,0,0,346.47,287.11,309.5,121.24,134.98,252.31,10
33.19,28.562,6.7192,41.924,0,2.8345,93,100.36,55.344,42.936,40,39,33,0,0,0,0,0,0,0,343.31,343.31,343.31,0,0,0,321.69,284.85,292.84,121.24,134.98,252.31,10
34.365,29.372,4.7085,41.924,0,2.8345,64,104.84,50,50.53,52.438,46,53,0,0,0,0,0,0,0,138.38,138.38,138.38,0,0,0,324.43,286.14,301.46,121.24,134.98,252.31,10
32.019,31.738,1.1165,41.924,0,2.8345,55.578,84.794,42.642,30.118,58,42,33,0,0,0,0,0,0,0,157.14,157.14,157.14,0,0,0,338.77,281.55,304.45,121.24,134.98,252.31,10
17.563,34.546,4.2583,41.924,0,2.8345,27,120,59.877,51.623,59,44,48,0,0,0,0,0,0,0,447.06,447.06,447.06,0,0,0,334.33,255.67,285.41,121.24,134.98,252.31,10
19.041,30.909,3.2612,41.924,0,2.8345,85.717,67.135,43.088,37.617,61,36,26.01,0,0,0,0,0,0,0,410.62,410.62,410.62,0,0,0,334.17,234.79,263.95,121.24,134.98,252.31,10
25.135,34.611,8.1035,41.924,0,2.8345,60,95,59,30,53,37,33,0,0,0,0,0,0,0,432.86,432.86,432.86,0,0,0,353.16,268.72,291.69,121.24,134.98,252.31,10
19.236,33.738,6.0243,41.924,0,2.8345,53,79.19,49,36,49,53,49,0,0,0,0,0,0,0,657.12,657.12,657.12,0,0,0,335.51,259.11,267.74,121.24,134.98,252.31,10
17.673,32.206,6.0957,41.924,0,2.8345,62,81.387,79,39,48,39,47,0,0,0,0,0,0,0,1178.1,1178.1,1178.1,0,0,0,350.38,205.72,224.92,121.24,134.98,252.31,10
