7.8309,-5.434,7.5821,0.68493,-1.4384,-0.23157,4.1458,-1.1976,3.2877,0.83776,1.4539,0.53184,0.26217,0.52795,-0.93107,0.3015,0.20093,1
3.5979,-8.3518,6.2022,0.84997,-5.5652,-0.40261,4.7307,-1.0138,3.1704,0.7858,-0.3386,-1.957,-1.0908,1.104,0.019092,1.999,0.1756,1
4.1166,-5.4655,5.258,0.94309,-5.9544,-2.0528,2.6432,2.1995,2.3235,1.1835,0.30154,0.85017,-1.9718,0.11718,-0.32305,0.45025,-0.69781,1
2.2837,0.66442,-0.5249,0.69782,-0.33027,-1.0264,2.0635,0.22829,1.5414,-0.13209,0.80963,0.48923,-0.91274,1.3993,-0.2114,-0.095048,-1.0625,1
-0.4076,0.71387,-2.9489,1.9863,-0.48677,-0.11701,0.11934,0.31099,0.84687,-1.0743,-0.60613,-0.55067,0.082324,1.5416,-0.058976,0.069227,0.53223,1
2.1257,3.2308,-3.1338,0.84202,0.89416,-0.85182,0.96946,-0.27656,1.1589,-1.382,0.098414,-0.47443,-0.13342,1.7045,-0.95655,0.19098,-0.35282,1
3.1546,4.4192,-2.3901,1.2379,1.6371,0.57889,1.9395,0.077752,0.46433,-1.1363,-0.88425,-1.1915,-2.3936,2.3753,-1.623,1.2145,0.51973,1
1.1395,-0.99761,-1.2733,1.2882,-1.2927,-0.37233,1.1235,-0.3821,0.89677,-0.0010942,0.29445,-0.048682,-0.45373,1.3549,-0.47685,-0.21641,0.30439,1
-0.54083,0.6907,-2.6171,1.5803,-1.0431,-0.99751,0.33128,-0.22765,0.92458,-0.079389,0.15229,-0.21994,0.23646,1.5442,-0.17082,-0.42799,-0.38732,1
-0.65078,1.4622,-3.2451,2.4145,-2.7173,-0.0089041,-0.073189,-1.5144,1.6192,-1.9985,-0.67271,-0.81031,0.19263,-0.0086187,-0.19485,-0.89938,0.4676,1
-0.59993,1.327,-2.9705,2.1129,-3.041,-0.21535,-0.70935,-0.67377,1.4767,-2.2516,-0.8622,-0.80386,-0.3624,-0.55196,-0.30376,-0.097365,0.9396,1
-0.44625,0.074122,-2.3933,2.5951,-2.6819,0.31109,0.07618,-1.005,1.5835,-2.6961,-0.62789,-0.85447,-0.20196,-1.213,0.20676,-0.46144,1.5832,1
0.84154,0.018206,0.10729,2.114,-2.1468,0.15944,1.6121,-0.83107,1.4595,-0.50129,-0.1025,-0.10074,-0.65326,-0.35223,0.68374,-0.13192,-0.60031,1
-1.7296,0.65754,-4.0704,1.9236,0.42808,0.032204,0.5127,-1.8905,0.99478,-0.98782,0.26541,0.74202,1.1364,-1.1352,-0.34628,0.30434,0.23911,1
1.631,0.17552,-1.5385,2.1875,-0.085378,-0.20248,0.99123,-1.6653,0.8922,-1.5584,-0.37763,0.36965,-1.2017,-0.82328,-0.58062,0.025916,0.71312,1
-0.94181,0.28456,-2.3274,2.6462,-2.3985,-0.0077839,-0.20003,-1.9042,1.0381,-2.1066,-0.62306,-0.30932,-0.15502,-0.88421,-0.37823,-0.62719,1.1096,1
-0.39143,0.99496,-3.1963,3.7695,-0.71233,0.7005,0.90117,-1.8998,1.1537,-2.9917,-1.1068,-1.0082,-0.67944,-1.2739,-0.18674,-0.71342,1.7336,1
0.68546,1.0566,-2.7324,2.2202,-1.1879,-0.38898,0.10595,-0.60153,0.79592,-1.4449,-0.42393,0.57675,0.17435,-1.007,-0.55561,-0.3301,0.29475,1
2.9772,4.6714,-2.4801,2.1003,0.9887,-0.40552,0.95505,-1.9917,1.0486,-2.1528,-0.27886,-0.36936,-0.89173,-0.40162,-0.75753,0.40915,-0.59647,1
-0.98428,1.4857,-2.9224,2.9475,-1.9391,-0.31579,-0.74976,-1.7112,0.8105,-2.0579,-0.6693,-0.97606,-0.86714,-0.70799,-0.80191,-0.19272,1.0863,1
-4.661,0.70613,2.2517,0.37924,-0.032881,2.2162,-0.37322,0.10063,-0.9754,-0.69646,0.48341,-0.98461,0.51465,0.50541,0.66418,-1.064,-0.62124,2
6.2502,-1.0331,-1.7009,1.6237,2.2343,1.6048,1.3147,-0.32909,-1.197,-0.34171,0.73043,0.56548,-0.35805,-1.9327,0.41911,0.8214,0.75921,2
4.8438,1.4798,-1.4109,0.32766,-1.9579,-0.76744,-0.496,1.4581,-1.4336,-1.2876,0.028476,-0.81424,-0.30651,-1.453,-0.58652,1.0667,-1.3025,2
1.2687,1.8794,-4.4454,2.2955,3.3832,-0.089173,1.6079,-1.055,0.64582,-1.1329,0.048983,-0.59683,1.4014,-1.2893,-0.32444,0.99923,-1.7597,2
6.4527,4.8926,-2.3851,1.5437,1.4288,-0.47148,0.63743,1.4247,-0.70651,-1.1667,1.4153,0.10165,0.93153,-1.418,-0.10327,1.8662,-0.75285,2
16.65,0.77169,-0.44459,-0.62825,5.3441,4.6341,-5.6082,1.8756,0.22348,-0.6608,-0.095729,-1.1688,-1.699,-1.848,-1.3107,1.2186,0.11998,2
4.0645,1.297,-3.056,1.1456,2.4292,-0.44331,2.1085,0.81056,-1.0416,-0.082063,0.3973,-0.96471,0.18936,-0.32057,-0.44104,0.86757,-1.3403,2
7.0527,0.91181,-1.0026,-0.44839,-0.81654,0.026368,0.57829,1.1701,-1.8659,-0.25111,-0.16339,-1.2277,-0.38782,-0.069599,-0.18423,0.71909,-0.58539,2
9.737,-3.0107,2.7539,-2.9649,-2.6498,0.25016,0.25935,0.95231,-2.7159,-0.66838,0.22985,-1.555,-1.9562,-0.20156,-0.81027,-0.23171,0.41977,2
6.3011,-0.99514,-1.075,0.31915,1.1669,0.46913,2.4046,0.15307,-0.3355,0.015314,0.20979,-0.23215,-1.1596,0.071879,-0.19059,-0.11042,-0.1731,2
6.3176,-3.1356,-2.6421,-1.037,1.2402,-1.1918,1.5072,0.5546,-0.25323,-0.51239,-0.93028,1.9843,-1.0035,0.31937,-0.89095,-0.20862,0.3558,2
11.116,0.53932,-1.771,-1.9232,2.1665,-0.51599,1.9129,1.0027,-1.0856,-1.1671,-0.96089,1.2694,-1.5137,0.17895,-1.9507,0.72487,-0.18636,2
7.7425,0.55259,-0.89115,0.081605,0.8939,1.4961,1.9814,0.77972,-2.0286,-0.82211,0.28579,1.722,-1.2126,0.99658,-0.34564,-0.56916,0.58102,2
4.8313,-0.098953,-2.3481,1.134,2.2751,0.27137,1.8961,1.2916,0.25021,-1.0793,0.20849,1.4352,-0.4743,0.46197,0.017439,-0.9576,0.32669,2
6.2103,0.75891,-0.95026,-0.37037,-0.61332,-0.69713,0.64925,1.9826,-0.74075,-1.1276,-0.19455,0.99505,-0.58271,0.84933,-0.54771,-0.24301,-0.48427,2
7.0001,-1.445,-0.50885,-0.3098,1.2142,0.96377,1.9511,-0.0035271,-1.62,-0.64859,-0.019724,1.0515,-1.0571,0.69626,0.14407,-0.62664,0.76865,2
8.2134,-4.5999,-0.97125,-1.4614,2.5333,-0.07725,0.22176,0.42383,-1.6877,-0.98677,-0.59848,0.97536,-0.62909,0.70086,-0.57431,-0.14712,0.97083,2
6.9244,-4.1841,0.73701,-0.16757,1.4682,1.1318,1.6522,-0.26386,-1.277,0.5544,0.81235,0.94669,-1.0371,-0.0047886,-0.25069,0.021433,0.24525,2
8.2132,2.9768,-1.5815,0.40827,2.2163,-0.35935,2.4186,1.0309,-0.69475,-1.0509,0.39295,1.925,-0.51441,0.42183,0.13951,0.23147,0.32332,2
7.4387,-4.6568,0.65873,0.079019,2.0867,1.8089,3.6826,-1.5976,-1.5567,-0.093774,-0.11047,-0.077175,-1.8727,0.10675,-0.4005,-0.18998,0.47013,2
2.0973,-0.9483,3.3293,6.021,-2.7864,10.244,1.7915,-1.8159,-2.0055,0.50134,-2.5812,1.2287,3.382,2.452,-1.3693,0.61666,1.9842,3
-0.39056,1.207,-2.3647,4.1528,-2.5493,3.7278,1.1229,-0.75614,-0.2737,-0.63447,-2.3037,-1.6964,-0.42485,0.56937,1.6467,-0.13984,2.157,3
-1.4286,0.81621,-3.9237,1.2122,0.85721,0.18177,1.5151,-0.82661,0.46787,0.28602,0.36478,-0.37615,1.3441,0.078224,0.4133,0.099492,-1.0199,3
-2.529,0.72035,-3.8471,0.49,-1.3635,0.13518,-0.30654,-0.298,-0.045903,0.69568,0.8728,-0.42692,1.2938,-0.22875,0.061832,-0.21012,-0.39524,3
-1.566,1.313,-4.1089,0.24529,-0.1484,0.44508,0.45618,0.47378,-0.70379,1.069,1.1566,0.42054,0.86618,-0.16358,0.081687,1.3422,0.25926,3
-1.7947,0.57866,-3.589,1.5547,0.84219,-0.097349,1.4325,-0.6289,0.4147,0.53035,0.52236,-0.86765,0.83711,0.23679,0.13137,0.087159,-0.52084,3
-1.6056,1.4412,-3.8904,1.1501,0.85335,0.081085,1.168,0.13764,-0.80881,0.87434,1.4914,0.090364,1.3017,-0.51142,0.22103,-0.42138,-0.37318,3
-2.4787,0.61307,-3.4699,0.64332,1.7289,0.74169,1.2331,-0.48627,-1.2691,2.2088,0.89838,0.46616,0.90098,-0.31075,0.47333,0.78656,0.543,3
-1.9574,0.78907,-4.0859,1.4051,1.4952,-0.073189,1.4497,-0.92054,0.096931,1.0508,0.061108,-0.67194,1.096,0.2559,0.20509,0.059069,-0.75168,3
-1.3856,0.87817,-2.499,2.1195,0.22332,0.83591,1.062,-0.3222,-0.1139,1.9262,1.0711,-0.79889,0.7022,0.1395,-0.036063,-0.48433,0.063857,3
-1.1503,0.31857,-1.7095,1.1745,-2.1328,-0.58974,0.16403,0.23072,-0.092467,1.4986,-0.23281,-1.3858,-0.44234,-0.053278,0.10829,-0.11067,-0.070284,3
-0.22722,1.7678,-2.8961,1.7936,0.96756,-0.052816,0.66682,-0.99137,-0.48191,1.3583,-0.47246,-0.59603,-0.40413,0.65018,0.61528,-0.10454,0.21673,3
-1.0853,1.2223,-1.3297,2.8466,1.0956,1.3104,2.3899,-0.48328,-0.9871,1.7878,0.50338,-0.5778,-0.2925,0.32153,1.9532,-0.26614,-0.64232,3
-1.0885,1.5321,-2.9245,2.012,0.14747,-0.16401,1.1979,-0.3754,-0.39338,0.79539,0.35086,-1.1247,0.50058,0.51641,0.51951,-0.13767,0.12247,3
-1.1688,0.67366,-3.4292,1.2858,1.0457,-0.011693,1.6423,-0.33349,-0.16164,1.2561,0.44286,-0.74958,1.0175,0.58297,0.2325,0.32298,-0.45776,3
0.14691,3.0121,-1.9523,1.8498,-0.73105,-0.39666,-0.28544,-0.5883,-1.2795,2.5303,0.74995,-0.090891,0.51462,0.93662,-0.3936,0.18118,-0.27531,3
0.56994,3.3246,-3.4018,0.67388,-1.3162,-0.90994,-0.19096,0.15111,-0.92053,1.0112,0.28217,-0.59614,0.45613,0.75302,-0.22565,0.46348,-0.97833,3
1.6444,4.0077,-1.3543,1.3379,-1.4922,-0.68661,-0.56224,0.28607,-1.2561,0.40955,0.31229,0.045177,-1.2239,-0.74705,-0.3853,0.10551,-0.88471,3
-0.30799,3.4169,-0.88031,2.2098,-2.8165,0.53984,-1.4146,0.226,-2.3011,0.72028,1.3433,-0.027996,0.094441,-1.9156,-0.66266,-0.098464,-0.28268,3
1.5693,3.7153,0.058735,3.143,-3.2541,1.8017,-0.98545,1.0253,-3.1335,0.85231,1.8742,0.59967,0.96029,-1.7071,-1.5252,0.92936,0.72364,3
-5.8236,1.7575,2.9968,0.60777,-0.95855,2.6078,0.88207,2.4685,-0.30396,-0.81019,1.9038,0.19224,0.14131,0.94728,1.0802,-0.022819,0.27898,4
2.9048,-3.9206,-0.08184,-1.0851,-0.608,-0.44912,1.4403,-0.82764,-0.49501,-0.4906,0.42123,-0.34496,0.29167,-0.017616,0.66287,-0.81404,0.18567,4
2.272,-0.30531,-2.0098,-0.76056,-1.6465,-0.18044,-0.29238,0.74276,0.10439,-0.24521,0.47456,0.68128,0.65027,0.50841,0.68428,-1.0632,-0.17221,4
-0.57245,-1.6494,-2.6259,-0.14732,-0.042276,-0.017773,-0.14447,-0.34028,0.17785,-0.8644,0.19297,-0.45401,1.1146,0.41116,1.0473,-0.97685,0.065406,4
2.5669,-4.358,-2.299,-1.822,1.5431,-0.53283,-0.34776,-1.3866,-0.60974,-0.59159,-0.3135,0.33953,0.73184,0.37782,0.39964,0.37916,0.14443,4
7.3753,-1.9698,-0.96169,-3.2445,-0.46856,-0.48028,0.64503,-0.89521,-0.37192,-0.47355,-0.2579,0.81437,-0.17945,0.12295,0.12985,0.088341,0.056104,4
6.3888,-8.5433,0.98963,-3.0124,2.9396,0.44569,0.95032,-2.8112,-1.8511,0.62848,0.20327,-0.025878,-0.20436,-0.24369,0.26289,0.86066,0.27943,4
1.1933,-3.1705,-2.9656,-2.118,-0.50542,-0.72216,-1.3015,-0.88281,-0.21658,-0.51106,-0.25254,0.067855,0.90416,0.5431,0.31486,0.2826,-0.21859,4
4.5742,-7.2562,0.35138,-3.0663,0.13464,-0.71352,-0.5839,-1.1851,-1.8571,0.18655,0.052792,0.15024,0.13987,-0.20043,-0.060767,0.97609,0.16594,4
4.0836,-2.9802,-2.1026,-2.2488,-0.067737,-0.5722,-0.86589,-0.57554,-0.5606,-0.51359,-0.24636,0.68347,0.75344,0.5598,0.40369,0.17818,-0.11041,4
15.954,4.2999,-0.1315,-5.7209,2.2448,5.2521,-3.4099,-1.0245,2.7335,-0.9699,0.73989,-3.0996,-0.52321,1.4401,0.26636,-0.33457,-1.1524,4
2.1016,-4.3134,-0.35137,-1.4806,-1.0924,-0.17416,-0.28284,-0.61117,-0.78837,-0.49855,0.56947,-1.2446,0.38836,0.026068,0.57431,-0.66537,0.073412,4
1.8566,-2.735,-0.95512,-0.41066,-0.88462,-0.22442,0.42853,-0.39996,-0.28972,-0.37717,0.35377,-0.7207,0.27653,0.1782,0.80934,-0.87417,-0.13796,4
1.7845,-4.8059,-0.047313,-1.0793,0.048608,-0.40284,-0.12964,-0.68881,-1.4865,-0.26996,0.6097,-0.82324,0.61647,0.18697,1.1088,-0.55406,0.18866,4
2.6836,-2.5111,-0.43935,-2.6053,-4.8865,-0.97389,-2.3252,1.3568,-1.1158,-0.82664,0.13986,-1.8562,-0.35245,0.60523,0.074908,0.0492,-0.24407,4
1.8096,-5.3151,-1.9653,-2.1171,0.63657,-0.55607,0.12269,-1.4473,-1.0219,-0.16549,0.14368,-0.84419,0.94144,-0.17738,0.26547,-0.49926,0.39224,4
5.0617,-7.6318,0.82308,-3.6285,-1.8061,-0.39118,-0.75874,-0.97857,-1.4489,0.46161,0.40116,-1.2795,0.15925,-0.53902,-0.052636,-0.62734,0.3582,4
6.422,-7.7382,0.82323,-3.0109,1.025,0.27729,1.0507,-1.3141,-1.2234,1.1925,0.064749,-0.57838,-0.78457,-0.79118,-0.48188,-0.80755,0.046632,4
4.928,-6.3672,-0.16959,-2.6777,0.08483,-0.84865,0.063733,-0.69945,-1.3308,0.12,0.20997,-0.28116,0.76883,-0.42695,0.26035,-0.50531,0.48844,4
5.9529,-9.9495,1.9228,-4.029,1.6094,-0.28382,0.48517,-2.5208,-1.7159,0.72288,0.71782,-1.9391,0.19863,-0.65744,0.97433,-0.32045,0.69945,4
-4.2515,1.4064,1.444,-0.077081,2.7844,0.37001,-1.165,-2.5691,-0.47213,1.6751,-0.85604,0.79405,-0.37452,0.65346,-0.070623,-0.70768,-0.34533,5
1.7398,-3.097,-1.5971,0.070206,-0.42396,-0.58261,0.48148,0.50279,-0.67174,1.1249,0.55782,-1.5266,0.10687,-0.78654,0.84016,0.75512,-0.53478,5
2.1569,-0.15696,-2.4224,-0.17637,-1.6557,-1.1798,0.35507,0.87726,0.18164,1.0369,0.80377,-0.23003,0.92001,-0.11139,1.1589,0.21497,-0.67389,5
2.0161,-2.0658,-4.2332,-1.5203,-1.8769,-1.0262,-0.58658,0.68854,0.38138,1.0873,-0.20499,0.48535,0.59283,-0.1454,0.062481,0.56135,0.20787,5
2.2692,-1.9885,-4.4022,-1.2549,-0.85178,-0.58752,0.18081,-0.077576,0.32313,0.73251,-0.33207,0.83533,0.57639,0.40632,-0.15969,0.24047,0.062369,5
6.407,1.686,-2.783,-3.5796,-4.3097,-1.7924,-0.26898,1.1256,0.83848,-0.37232,-0.48831,0.44494,0.83754,0.37942,-0.084872,-0.34608,-0.33158,5
1.4668,-1.1855,-2.1022,-0.14416,-0.94188,-0.58128,0.75818,0.094006,0.33571,0.072114,0.52541,0.28162,0.81881,0.1595,0.86663,-0.70113,-0.58535,5
0.88934,-0.95722,-2.6665,0.27293,-0.75573,-0.23574,0.42572,0.024988,0.04437,-0.60275,0.40196,0.14401,0.6121,0.66388,0.44858,-0.81588,0.05899,5
21.672,19.145,4.8735,-4.3678,0.22779,-3.5445,2.0312,-1.057,-0.93953,0.10925,-1.8531,1.7294,-0.029409,0.30548,2.554,-1.7574,0.52857,5
1.1905,-1.5446,-2.3576,-0.49855,-2.4367,-0.44661,-0.032824,0.74879,-0.15834,0.31022,0.23121,0.45117,-0.25514,0.399,0.49512,-0.30971,0.55067,5
13.284,1.3781,-3.3334,-2.8481,2.5584,8.2309,-3.7741,0.23555,7.1757,4.6031,2.1283,-1.1952,-1.0464,-0.69052,-0.16191,-0.13604,-0.038318,5
2.6443,-0.0079077,-1.3798,-0.80646,-1.714,-0.69158,0.19328,1.3422,-0.059344,-0.020103,0.95862,0.62792,0.26557,0.24524,1.2744,-0.25368,-0.13448,5
4.5664,1.6148,-1.9401,-1.3207,-2.1062,-0.1945,0.66184,0.57716,0.9273,0.036367,0.94832,1.601,0.26953,0.16362,0.99926,-1.0315,-0.022101,5
2.5385,-0.22123,-2.0148,-0.34701,-0.11477,-0.8109,0.77895,0.2321,0.19112,0.31289,1.0943,1.1541,0.03828,0.26721,0.70218,-0.5275,-0.30109,5
2.1131,-0.021307,-1.506,-0.4154,-2.2475,0.1294,0.59347,1.4072,0.46291,-0.16294,1.1714,0.81472,0.015504,0.28855,1.4832,-1.2599,-0.80543,5
2.7812,-0.77833,-4.029,-2.2881,-2.3893,-0.99878,-0.92317,1.3865,0.54702,0.2693,0.097941,1.5398,0.30327,0.14256,0.043387,0.44436,-0.059862,5
2.1825,-0.41759,-4.4528,-1.2815,-1.2347,-0.83632,-1.0709,0.88278,0.78725,-0.86662,-0.30927,1.4777,1.0427,0.39251,-0.84195,0.18598,-0.34155,5
3.5227,0.057729,-4.1754,-2.0536,-2.0044,-0.9933,-0.52254,0.90338,1.2404,-0.18184,0.14486,1.8925,0.81337,0.072625,0.23991,-0.065267,-0.03784,5
1.795,-0.77261,-4.0731,-1.8404,-3.1068,-1.4101,-1.0315,0.51665,1.1778,-1.1051,-0.44755,0.70184,1.21,0.67296,-0.66166,0.050994,-0.41417,5
3.5838,-0.7611,-3.4608,-2.6766,-1.7773,-1.2537,-0.31611,0.78228,0.38874,-0.29236,0.025084,1.1547,0.27068,0.020686,-0.032747,0.30892,-0.17167,5
9.5774,-0.54961,-3.3142,-2.2399,1.5441,3.8529,-4.3037,2.7724,2.8299,1.9084,1.5322,2.7837,-0.49792,0.23375,0.89009,-0.04297,1.1969,5
7.7225,-2.788,8.8444,4.5001,-2.9539,-0.21729,4.8387,-1.1747,2.1728,3.555,-0.41114,2.4217,-0.59289,-1.673,-1.687,0.014781,-0.79342,6
6.868,-9.7938,5.3343,3.4667,4.2943,-1.8403,-2.503,3.6049,1.5389,-1.8651,-1.1992,1.2434,3.6016,0.45993,-0.23206,-0.98669,1.0081,6
2.242,-6.1927,4.5445,0.057485,-2.2465,-1.1702,0.14482,-0.73488,0.53936,1.2147,0.85959,-1.7518,1.0617,-1.649,-0.53026,1.8664,-0.36396,6
-0.72683,-1.0266,0.33189,1.3386,0.62306,-0.4454,1.3945,-1.5863,0.41731,1.7315,-0.35717,-0.30508,0.98259,-1.7851,-0.072331,-0.32938,-1.2448,6
25.211,19.57,13.467,-3.9969,-0.4306,-2.6237,1.5983,-1.535,0.8555,-0.20845,-1.0084,-2.6274,4.2433,-1.1486,0.17907,0.54363,1.1859,6
5.321,-6.9107,5.8285,5.7461,1.0036,-1.9419,-1.9605,4.3324,1.3739,0.25379,-0.95592,1.5886,3.1619,-1.237,-0.36801,-0.81465,-0.28129,6
4.0282,-2.3514,1.7274,2.5894,1.1807,-1.2012,-0.64437,-0.51459,-0.39101,0.14129,-0.34147,-0.42677,-1.0322,-0.46262,0.57634,0.32669,-0.33894,6
4.1873,-5.5485,3.4794,4.5232,1.2027,-1.4723,-1.839,1.8796,1.2396,-0.88789,-0.52176,-0.20384,-0.23932,-0.52203,1.6187,0.62773,0.57176,6
1.894,-2.4145,-0.15952,4.358,1.7847,-1.2434,-0.81683,0.89307,1.3547,0.17556,-0.62664,-0.12389,0.07621,-0.32678,1.1499,-0.28076,-0.24975,6
1.5603,-0.28389,-0.94483,3.1318,1.4551,-1.5395,0.29573,-0.82643,0.59263,0.77493,-0.095671,-0.15794,0.14464,-0.082758,-0.17418,-0.07955,-1.1535,6
1.0155,0.78238,-0.80252,3.0413,1.2812,-0.4954,1.327,-1.3285,0.37594,1.3974,0.64281,-0.92282,-0.066574,-0.46765,-0.75253,-0.28059,-1.3895,6
3.2256,-1.1584,0.46902,3.8239,2.2035,-2.5044,-4.0094,-0.50484,0.31335,-0.34678,-0.86321,-0.75251,-0.39149,0.63591,0.08673,-0.003948,-0.46923,6
3.5971,2.1654,0.99542,0.95815,-2.4425,-1.3434,-1.7858,0.21058,-1.9353,1.1234,-0.49589,-0.24711,-1.2883,0.24073,-0.31408,1.2462,-1.1763,6
-4.0932,1.4959,-0.78319,1.301,-3.9944,1.9983,0.16894,2.2151,-0.56211,0.66272,-2.6198,-3.0029,-1.9016,-0.20869,2.6828,0.48878,-0.39657,6
4.5075,-3.595,3.771,5.237,1.8226,-1.4406,-2.9768,0.28116,-0.67569,0.2045,-1.106,-0.85795,-1.0074,0.80783,1.3458,-0.41299,0.63919,6
5.2797,-3.5252,3.1865,5.243,2.0259,-1.8845,-3.5909,2.9398,0.10883,-0.33784,-0.62591,-1.1559,-0.60805,0.33527,1.1007,-0.46891,-0.0024384,6
3.6272,0.21797,-0.23111,3.4376,3.6787,-1.7001,-2.8658,-0.86,-0.71818,0.43125,-0.77161,-0.5581,0.49226,1.1078,0.33313,0.52209,-1.1594,6
4.0078,-1.7516,0.57342,4.0142,2.9122,-2.3888,-2.9072,1.1284,-0.057888,0.040456,-1.1352,-0.73395,0.24684,0.60548,0.14049,0.048235,-0.6111,6
5.7104,2.1812,2.2219,5.0236,-0.74305,-2.7622,-2.6828,1.386,-0.76193,1.2393,-0.10639,-0.23358,-2.0423,0.36067,-0.43999,-1.198,-0.14199,6
1.0768,3.031,-2.2833,1.8107,-2.3763,-1.6527,-1.8557,0.47271,-1.1376,1.1844,0.20664,-0.072586,-0.15184,-0.010168,-0.48421,0.84975,-0.78511,6
6.7539,6.6652,0.66119,4.8636,-1.2914,1.2519,-3.197,1.6801,-3.5893,1.73,0.52762,1.6002,-0.80491,0.15637,-0.88397,1.0178,1.798,6
-4.9,0.76936,1.0067,-0.56894,-0.18485,4.0221,0.89323,1.0437,-0.60356,0.36613,-2.271,1.1299,0.69231,-0.23469,0.34366,0.38692,-0.62482,7
-5.438,0.25929,1.0336,-0.60938,1.619,3.3265,2.3688,0.8642,0.18665,-1.1144,-1.4676,1.7362,0.25832,-1.2909,2.1546,1.9096,-0.57578,7
-4.8364,1.3992,2.5175,-0.82884,-1.82,0.65724,-1.3881,0.25482,-0.30509,0.64958,-1.7767,0.69185,-1.4891,-0.12904,-0.10551,-0.73007,-0.76399,7
-4.5596,1.2522,1.6192,-0.12004,-0.32487,1.0265,0.067453,0.17622,-0.22479,0.64226,-0.15695,0.63584,-0.56674,0.15816,0.4803,-0.92847,0.15879,7
-4.8948,0.5762,1.0456,-0.94735,-0.19538,0.98983,-0.0036385,0.51043,0.091155,0.72538,-0.78542,0.85365,-0.036644,-0.091127,-0.61525,-0.13791,0.33217,7
-6.1721,0.12045,0.91303,-2.0255,0.87041,1.6036,1.4586,1.4284,0.82146,-1.501,-2.3466,0.50586,-0.83174,-1.9975,1.6691,0.037071,-0.8496,7
-5.8269,0.40063,0.69009,-1.7297,1.1684,-0.48113,0.35273,0.28412,0.92438,0.21681,-1.5212,0.036568,-1.0855,-0.51797,-0.016355,-0.5454,0.46157,7
-6.095,1.093,1.2082,-1.0097,1.1291,-0.45653,0.12509,0.062946,1.0321,0.26134,-1.681,0.56044,-0.73503,-0.024967,0.59941,0.56489,0.30569,7
-5.8526,0.92365,1.166,-1.4209,1.4179,-0.91939,-0.27158,-0.43962,0.44062,0.73953,-1.494,0.45031,-0.93238,-0.49495,-0.63156,-1.0677,0.34582,7
-5.6841,-0.08783,-0.22428,-2.6781,1.2366,0.33975,0.93405,1.0924,0.71344,-0.37076,-2.1875,0.2271,-0.34191,-1.1264,-0.052289,-0.4137,0.060863,7
-4.5569,0.12981,1.0255,-1.3609,-0.030361,1.0182,-0.7919,-0.22001,-0.49862,0.3499,-1.9962,0.66226,-0.079043,-0.98257,0.11149,-0.011226,-0.38924,7
-4.3475,0.73827,1.6481,-1.5176,-1.6939,0.86424,-1.9786,0.063308,-1.2757,1.2766,-1.8283,0.79738,-0.70022,-0.83851,-0.13146,-0.61518,-0.62742,7
-4.3105,-0.298,0.33755,-1.1276,0.88825,2.3917,0.48924,0.13809,-0.17604,-0.45184,-1.836,0.76491,0.43837,-1.6015,0.53529,-0.33674,-1.3015,7
-5.1126,-0.10184,0.47821,-1.5052,-0.5906,2.1214,0.22893,1.1611,0.6284,-1.1099,-2.5868,0.2757,0.19134,-1.8823,0.54062,-0.012793,-1.3508,7
-5.6215,-0.42892,0.57406,-3.0558,1.3439,0.40876,1.1697,2.0632,-0.33338,0.40948,-2.6901,-0.050884,-0.18144,0.22607,0.93699,0.14774,-0.71241,7
-4.2784,0.082474,1.4541,-0.2597,1.5587,2.3575,0.90709,-0.28531,-0.36279,0.32928,-2.835,0.28893,0.30822,-0.36556,0.47005,0.086412,-0.94571,7
-4.7465,0.8299,2.4634,0.020178,-1.465,1.6105,-0.38082,0.32994,-0.47048,1.1579,-2.5614,0.16052,-0.4575,1.6458,2.3404,1.0191,-0.87162,7
-4.0199,0.53481,1.0134,-0.93203,0.33842,0.9056,-0.21471,0.42012,-0.44362,0.88647,-1.4107,-0.23293,0.086573,1.1646,-0.71854,-0.89325,-0.16473,7
-4.597,0.32438,1.283,-0.97071,-1.0055,0.55306,-0.74911,0.51234,-0.73972,1.2886,-1.454,0.15175,1.1381,1.0283,-1.1201,0.00051952,-0.27926,7
-4.5655,1.3645,0.74907,-1.3521,-1.4807,-0.10002,-0.85402,0.93135,0.7213,1.2823,-0.98258,0.27148,-0.33537,1.2255,-0.30529,0.58398,0.2996,7
-7.544,2.9341,5.6457,1.6117,1.0816,2.7723,3.003,4.0928,-1.4476,-2.3283,5.2345,-0.61792,-1.0361,-0.56269,1.7282,-1.5427,-0.42746,8
-6.296,1.7974,2.2881,-0.47974,1.5176,0.57576,1.2758,1.9387,0.40118,-2.1374,1.6226,-0.1963,-0.31392,0.1662,-0.73482,1.0366,-0.19336,8
-4.0451,0.074584,-0.12474,-0.84366,0.45934,0.057756,-1.0984,-1.3882,-0.28963,0.077376,-0.16991,0.44676,0.41325,-1.366,-0.54087,0.17607,0.087325,8
-4.7137,0.63497,1.9217,-0.36153,-1.5188,1.2091,-1.0002,0.44137,-0.58932,-0.79548,1.0814,0.010274,0.29725,-0.75175,-0.90526,0.14036,0.0044252,8
-1.4052,1.595,3.0198,1.2346,3.6617,0.79324,0.47572,-1.5558,-0.28376,-1.7732,0.23977,-0.24039,-0.61895,0.41564,-2.2279,-1.0142,-2.5989,8
-2.6544,-0.10206,1.1946,-2.6583,-3.5294,0.26793,-1.8302,0.34759,0.26432,-1.2656,-0.3426,0.17436,-0.38024,-0.56943,-1.4495,-0.46072,-1.1054,8
-3.6064,-0.26496,0.28188,-1.0645,-0.69675,0.76433,-0.55712,-0.38819,0.1423,-0.67321,0.51455,0.39404,0.13096,-1.3963,-0.3339,0.17087,0.46514,8
-3.9124,0.20698,0.94418,-1.2164,-1.9287,1.1097,-0.93083,0.34397,0.25943,-0.92403,0.70269,0.091926,0.30592,-1.1949,-0.56481,-0.028113,-0.01102,8
-4.3242,0.31881,1.533,-0.13466,-0.69571,1.6233,-0.53814,0.15159,-0.10108,-0.86244,0.090231,0.26109,0.27488,-1.096,-0.56466,0.059783,-0.079151,8
-5.431,0.59247,2.0816,-1.1813,1.1759,-0.7121,-0.20571,-0.012142,-0.67678,-0.21766,0.64448,0.83996,-1.14,-1.6811,-0.75932,-0.47772,-0.036454,8
-5.5045,1.0062,1.4701,-0.17061,1.3421,-1.6549,-0.13264,-0.27351,0.6267,-0.80692,0.72421,0.011877,-0.26763,-0.20032,-0.76858,-0.38087,-0.11885,8
-3.7346,0.91748,1.5033,-0.67808,-0.42809,0.77938,-0.3588,0.10619,0.0032782,0.011746,0.6504,0.25826,0.10264,-0.41457,-0.42135,-0.76356,-0.41301,8
-4.2809,0.78559,1.3327,-0.40258,-0.68825,0.61069,-1.5947,-1.0261,-0.53065,-0.033521,0.28861,0.78513,0.072434,-0.28932,-0.13671,0.3693,0.026131,8
-4.3212,0.34461,0.90678,-1.1149,-2.1491,0.054407,-1.9117,-0.14316,-0.46083,0.12525,0.44862,0.19277,0.38181,0.33199,-0.97913,0.13627,0.028335,8
-4.691,0.074156,1.2876,-1.5955,-1.6466,0.84278,-0.95574,0.99369,0.31066,-0.62525,0.16758,-0.22227,0.12795,0.074314,-1.0131,0.60303,0.12322,8
-5.9519,0.46304,2.8074,-0.98493,1.4207,0.82266,1.1077,1.6679,-0.11624,-1.6114,0.19985,-0.52796,0.5727,0.14847,-1.6531,0.17827,-0.66474,8
-5.5162,0.29574,1.8801,-1.3878,1.5344,-0.39254,0.81255,1.2125,-0.080649,0.0036176,-0.11707,-0.84125,0.2825,2.1815,-1.1665,0.12815,-0.095297,8
-5.5002,0.22577,1.8085,-1.5135,1.5603,-0.43615,0.92107,1.4153,-0.044864,0.12877,-0.2758,-0.92523,0.30776,1.8743,-1.3876,-0.47702,-0.45518,8
-5.6387,0.015484,1.7502,-1.766,1.4681,0.52658,1.7401,2.7084,-0.071567,-0.39127,-0.85701,-1.3584,0.92734,1.5718,-1.7045,-0.33372,-0.44997,8
-5.7738,0.095028,2.0726,-1.5233,1.494,0.63497,1.9747,2.7939,-0.22101,-0.52387,-0.079618,-1.4357,0.7534,1.4645,-1.3136,-0.92214,-0.63661,8
-5.705,2.2556,5.9623,2.5738,-0.82197,1.989,-0.82198,-0.058217,-0.669,-0.55793,4.5674,-0.060348,-0.26108,0.076091,1.143,-1.3247,0.030761,9
-6.0779,1.6506,0.11662,-0.57523,1.2568,-1.8632,-0.44417,-0.70185,-0.07423,0.65282,0.43702,0.12833,-0.36393,-0.95707,0.20773,0.065908,0.75885,9
-4.3654,1.7322,1.1281,0.51055,0.51742,-0.21382,-1.3811,-2.2637,0.1945,0.98169,-0.030761,1.3426,-0.7328,0.35664,-0.12776,0.10323,0.059419,9
-4.4739,0.76861,-0.20272,-1.0273,-0.72511,0.35683,-1.4405,-0.8872,-0.55216,0.28773,-0.14345,0.16288,-0.26869,-0.52639,-0.27215,-0.97459,0.14349,9
-4.7006,1.7799,0.84251,0.70833,0.79596,-0.7991,-1.9614,-3.1486,-0.43901,1.3761,-0.37683,1.0967,-0.55258,0.025406,0.34135,-0.6082,0.20256,9
-5.2935,1.2504,1.9649,-0.18505,-1.3969,0.07284,-1.7317,-0.49556,1.1172,-0.46932,2.1446,0.9338,-0.38246,0.66043,-0.41386,0.8531,0.16835,9
-2.5688,0.22749,2.5793,-0.19476,0.49001,0.35037,-0.75686,-2.4304,0.34203,-0.70188,1.124,0.65138,-0.45886,0.44551,0.69463,-0.65158,-0.25599,9
-3.3847,-0.58205,0.65932,-0.9429,0.29451,0.14327,-0.20968,-1.1945,0.32626,-1.1028,0.77772,-0.20087,-0.029316,-0.39014,-0.44417,-1.5274,0.14681,9
-2.8473,0.21627,2.3902,-0.67689,-1.196,0.33537,-1.0695,-1.2085,0.82316,-0.54934,1.2792,0.87836,-0.73723,0.16093,-0.2772,-0.33245,0.19827,9
-2.8455,-0.24209,1.0587,0.88535,2.2285,0.44866,0.47694,-3.7329,0.76273,-0.1854,0.19732,0.97796,0.633,-0.11094,-0.42223,-2.1213,-0.80638,9
-5.0348,0.7905,4.0102,0.73924,-0.037644,-0.0095385,-0.37743,-2.7344,0.62787,-1.1606,1.9225,2.6734,0.69036,1.8058,1.5221,2.4781,-0.27456,9
-2.0164,-0.99574,3.3958,-2.2544,-2.8022,0.46498,-3.7024,-0.85395,-0.67166,-1.7664,0.66049,-0.32733,0.33611,0.80256,0.076697,0.66377,-0.36812,9
-2.4793,0.73166,1.8962,-0.77347,-1.5073,-0.16626,-2.2296,-1.9142,-0.28695,-0.90176,0.30323,0.2699,0.15687,0.3385,0.27623,-0.7471,-0.45788,9
-3.5964,-0.36162,1.1808,-1.1286,-1.5469,-0.41184,-2.64,-1.8525,-0.22274,-0.36981,-0.64059,-0.0078856,0.064587,-0.073592,-0.77388,-0.86007,-0.35053,9
-3.7606,0.011838,2.3153,-0.39377,0.4616,0.34775,-1.7187,-2.4794,-0.12894,-0.59699,0.86624,1.0241,-0.40004,0.38203,0.40889,0.26501,-0.1938,9
-5.6385,0.62479,2.9819,-0.65296,1.5428,-0.93893,-1.0729,-1.7985,0.14095,-1.7038,0.93054,1.2665,-0.83682,1.0488,1.7763,2.5547,-0.24042,9
-5.6297,0.19146,2.671,-0.91257,1.4921,-1.0322,-0.5319,-0.65657,0.7834,-1.8635,1.3764,0.41979,-0.83975,0.47834,0.83421,1.5589,0.12578,9
-5.4986,-0.083161,2.2068,-1.1177,1.3938,-1.0785,-0.32596,-0.17251,1.0189,-1.8307,1.032,-0.089819,-0.79849,-0.0019033,0.35012,1.1904,0.40476,9
-2.8481,-0.42768,3.4735,-0.26494,0.15526,0.23718,-3.1489,-3.267,-0.41379,-0.87098,-0.023779,0.39849,0.50118,0.97677,0.80996,1.1511,-0.86141,9
-3.7278,-1.4336,1.862,-1.1975,0.43195,2.1574,-1.6783,-0.68346,-1.221,-1.311,0.3417,-0.97399,2.4245,0.82594,-0.48455,0.57912,0.56923,10
-5.1615,0.9077,-0.041854,-0.30727,0.31167,0.94956,0.44763,0.91644,-0.1248,1.7161,0.28378,-0.96148,0.4719,-0.21196,-0.88168,-1.0344,0.98022,10
-4.8012,1.2641,0.74269,-0.41787,-0.049591,0.66859,-0.016512,0.47994,-0.28154,1.6341,0.37654,-0.45382,-0.23129,0.38544,-0.61961,-1.3873,-0.052167,10
-4.876,1.7581,0.76105,-0.18838,-0.37828,-0.76325,-1.5374,-0.81627,0.4851,2.0587,-0.13278,0.099443,-0.66848,0.77191,-0.66004,-0.31401,0.36088,10
-6.1946,1.2988,0.10625,-0.99849,1.3546,-2.1289,-0.087368,0.15578,0.87287,0.98392,0.16557,-0.30127,-0.46735,0.42735,-0.19747,0.77494,1.1953,10
-6.3633,1.2286,0.24072,-1.0463,1.363,-1.517,0.5984,0.87515,0.57802,0.69548,0.70492,-0.57381,-0.11248,0.17368,-0.15786,0.33814,1.0405,10
-6.0951,1.0469,-0.30107,-1.238,1.257,-1.7495,0.13046,0.31067,0.73723,0.66534,-0.16508,-0.32638,-0.31599,0.16502,-0.045401,0.95042,0.97649,10
-6.5265,1.2628,0.09228,-0.98576,1.3058,-0.57827,1.4958,1.9536,-0.099586,0.37934,1.0934,-0.94861,0.21044,-0.43421,0.6043,-0.54723,1.1901,10
-6.2054,0.92037,-0.59397,-1.6096,1.3345,-1.0026,1.0164,1.4628,0.30847,0.47758,0.19055,-0.66449,0.34177,-0.39649,-0.050485,0.29604,1.1443,10
-6.2876,1.3807,0.031608,-1.0344,1.4077,-1.5012,0.51912,0.76389,0.1789,0.93882,0.3582,-0.55407,-0.027322,-0.32278,-0.021269,-0.0015119,1.2552,10
-6.1488,1.1583,-0.44402,-1.4254,1.4387,-1.5162,0.58106,0.86107,0.17677,1.0065,0.049814,-0.58399,0.17151,-0.52821,-0.30182,-0.035504,1.2126,10
-6.2168,1.3255,-0.19501,-1.2886,1.4689,-1.5093,0.453,0.74261,0.10616,1.1025,-0.1496,-0.4119,0.068217,-0.49738,-0.12633,-0.14271,1.0694,10
-6.1621,1.0928,-0.39666,-1.5126,1.3932,-1.3505,0.55682,0.90851,0.37807,0.70873,-0.18552,-0.35388,0.14757,-0.43363,-0.1252,0.3371,0.90763,10
-6.1737,0.83007,-0.73669,-1.6582,1.2471,-0.81506,1.0925,1.5302,0.35261,0.29179,-0.12175,-0.64027,0.26593,-0.49986,0.30297,0.52286,1.0409,10
-6.0132,0.68461,-1.1485,-1.9921,1.3405,-1.1405,0.81005,1.1553,0.41547,0.47782,-0.42221,-0.45733,0.3745,-0.4114,-0.10952,0.79065,1.0194,10
-6.3644,1.4309,0.31735,-0.84722,1.3572,-1.5986,0.33426,0.55208,0.41451,0.80545,0.55654,-0.46404,-0.1873,-0.094795,-0.10843,0.40608,1.3035,10
-6.0936,1.0822,-0.38698,-1.4573,1.3922,-1.7076,0.050336,0.23975,0.54762,0.62113,-0.03892,-0.0061833,-0.019773,-0.13889,-0.37351,0.75132,0.74721,10
-6.1818,1.3236,-0.27542,-0.85638,1.3528,-1.8448,0.066337,0.12929,0.67301,0.43233,0.12094,-0.32871,0.31315,-0.16167,-0.38444,0.18794,0.50874,10
-6.2945,1.6267,0.47659,-0.69116,1.3597,-2.0316,-0.29146,-0.22335,0.53451,1.1932,-0.39521,-0.094972,-0.58373,-0.091653,0.033675,0.62618,0.9802,10
-6.2868,2.6266,1.2118,0.75952,1.4427,-3.1092,-1.5778,-2.1129,0.012633,1.6755,0.13514,0.22535,-0.70541,-0.2605,-0.22643,-0.71065,0.56743,10
