3.9611,8.1727,3.7613,4.1851,-3.0135,-0.60387,5.1703,3.7803,1.8899,-0.86334,-0.065284,1.9032,1.5677,-0.74973,-0.80503,0.22869,0.77172,1
-2.7325,6.613,-2.9172,0.50709,0.57225,0.75403,-0.2372,1.6681,-0.39984,-0.26552,0.088724,-1.3787,0.13349,-0.27884,-0.70907,-0.53239,-0.053063,1
10.43,-6.9517,-9.7113,2.176,-0.6631,0.086067,0.01448,-0.65227,-3.278,-0.38271,-3.2656,0.8766,0.84672,0.58076,0.28581,1.5144,1.4508,1
8.869,-6.6062,-9.6751,0.42238,-0.28162,1.288,-0.31692,-1.0347,-4.2883,-0.42679,-1.8241,-1.01,-0.12615,0.24621,-0.54915,0.39962,0.061213,1
10.303,-3.3431,-3.0508,0.73285,-2.5155,-0.45937,1.2915,0.63391,-1.5954,0.21721,-0.30929,-0.68002,-0.22672,-1.1094,0.13623,0.45346,-0.23098,1
11.788,-2.1588,-2.5715,-2.6046,-3.0628,-1.744,-0.19522,-0.19312,-0.60486,-0.82478,1.2953,-0.40673,-0.96597,-1.5202,0.099406,0.23623,-0.11033,1
12.068,-1.3445,-0.94138,-0.98507,-2.4208,-0.695,0.77695,-0.15697,-0.34061,-0.077254,1.2681,-0.87114,-1.8714,-1.96,0.26113,0.5183,0.1696,1
12.439,-1.2832,-0.15595,-0.01521,-3.2672,-1.2535,2.8559,0.12873,-0.098607,-0.28231,1.484,0.03933,-1.4422,-1.9745,-0.31115,0.18057,0.55791,1
-2.1945,6.0929,-2.5967,1.4207,0.040668,1.0808,0.81266,1.7687,-0.20099,-0.30661,0.79694,-0.69238,0.16872,0.18229,-0.53441,-0.30011,-0.59835,1
-1.9853,5.988,-2.6762,1.2206,0.18249,0.43819,0.45695,1.7479,0.16534,-0.54201,0.14449,-0.45061,0.17613,0.24137,-0.6205,-0.29773,-0.39424,1
3.6036,2.6927,-2.6102,-3.695,-1.0076,-2.8548,-3.3572,0.87565,2.6059,-1.576,1.3411,0.47565,-0.33894,0.063666,0.53785,0.81764,0.15611,1
9.984,-8.2584,-8.2743,0.71512,-0.93065,0.17224,0.52418,-0.024467,-1.0211,-0.20865,-0.76385,-0.033003,0.12915,0.38373,-0.30955,-0.19865,0.45378,1
4.9429,-1.083,-4.0765,-1.2198,-0.95168,-1.147,-1.8221,0.6858,0.94242,-0.86232,0.2983,-0.28646,0.4092,0.44665,-0.26145,0.41845,0.23547,1
4.1981,2.5292,-3.8609,-2.4221,-0.48875,-2.2791,-1.0268,0.51746,2.0134,-2.6825,1.3072,1.1245,-0.76095,1.0487,0.092288,0.21275,-0.074659,1
7.9769,-3.6532,-4.8931,-1.9635,-2.155,-1.413,0.0026085,0.49722,2.2263,-1.4377,1.5502,0.5405,0.44344,0.88745,0.70565,-0.46646,0.29306,1
8.8612,-3.5088,-5.4221,-1.7133,-2.083,-1.516,0.91056,0.28856,1.2994,-2.3098,1.7988,1.5362,-0.41389,1.1674,0.51353,-0.34547,-0.63661,1
5.4221,-0.67701,-4.3384,-3.0387,-1.6931,-1.6233,-1.7002,1.1317,2.5713,-1.8003,1.571,0.15896,-0.21833,-0.15129,0.34326,-0.10182,-0.2931,1
6.2298,-1.4353,-4.7643,-2.5497,-1.5876,-1.5309,-1.5802,0.4377,2.2264,-1.4199,1.7366,0.44373,-0.12234,0.54467,0.25686,-0.090627,0.16161,1
8.2768,-2.6875,-4.1904,-1.2322,-1.5649,-1.1009,0.029284,0.52041,1.4013,-1.4812,1.4229,0.94281,0.41483,0.22942,0.2044,-0.66503,0.13941,1
9.1801,-6.1175,-5.4687,0.15038,-1.8261,-0.25617,1.2297,0.40094,0.33718,-0.82472,0.46958,0.012912,0.84511,0.67281,0.10452,-0.20191,-0.17551,1
9.6326,-6.7569,-5.7044,0.3107,-1.3326,-0.32785,0.75322,0.29389,0.18906,-0.78247,0.44062,0.21355,0.60171,0.77515,-0.44336,-0.4462,0.045519,1
8.8175,-3.9259,-2.8213,1.7904,-2.163,-0.27694,1.8974,0.70902,-0.88038,-0.18792,-0.80935,-0.7728,0.99437,-0.39623,-1.0544,-0.078525,0.13343,1
8.9894,-4.87,-2.7811,1.7632,-2.9295,0.087721,1.9298,1.3011,-0.81569,0.67823,-0.69978,-0.79052,1.295,-0.35235,-0.17069,0.57229,0.23635,1
10.158,-5.2526,-4.3224,1.1048,-2.8659,0.21985,1.7097,1.1108,-1.8312,0.30204,-0.0053329,-0.76037,0.52585,-0.41196,-1.3483,0.1727,0.62129,1
-1.4122,-0.12114,1.9223,1.9228,-2.4473,1.6612,2.31,0.73594,-0.032783,0.015406,-0.34058,1.0139,0.71807,-1.6733,-0.25706,-0.49104,-1.5237,2
-2.0813,-1.1415,1.6436,-1.1168,-1.2762,1.0571,-1.5827,-0.05855,1.4209,-1.1907,-0.73567,0.067264,1.1762,-1.8222,-0.86202,0.30372,0.13233,2
-1.473,-0.29128,2.7433,0.4222,-1.2921,1.6992,-1.1833,-0.046628,1.6273,-1.9048,-0.46603,1.2634,1.2457,-1.2196,-0.28039,2.5438,0.012615,2
-4.5318,-3.5135,2.2937,-2.1797,-0.19492,2.2438,0.041702,1.8553,-0.94309,-0.93264,0.0082568,0.49293,-0.3272,0.53388,0.078522,-0.84776,-0.27743,2
-4.5281,-3.0223,2.0796,-2.4779,-0.30799,1.9562,0.14426,2.6111,-1.1195,-0.39689,-0.06589,0.02,-0.091144,0.087248,0.41783,-0.27424,-0.46491,2
-4.4733,-2.8433,1.9052,-2.1494,-0.10489,2.1037,0.17251,2.2748,-1.0364,-0.49439,0.097399,0.25367,-0.15721,0.2611,0.22747,-0.98216,-0.01785,2
-4.59,-3.9956,2.5364,-2.4791,0.23629,2.3593,0.24613,2.5515,-0.24634,-0.53623,0.10095,-0.060068,-0.79687,0.47965,-0.52639,-0.13573,0.27796,2
-4.4428,-3.1031,1.9194,-2.0651,-0.075259,2.3874,0.10557,2.2106,-0.51034,-0.12695,-0.17244,0.36921,-0.64347,0.090068,0.28567,-0.93743,0.13475,2
-4.472,-3.8257,2.4082,-2.0685,0.49082,2.5839,-0.1997,2.5973,0.098333,0.94201,0.53532,0.32522,-0.90097,0.23931,-0.27349,0.027799,1.3201,2
-4.5121,-3.5621,2.2283,-2.2391,-0.098687,2.2845,-0.050871,2.3699,-0.64434,-0.13484,0.15559,0.35614,-0.65859,0.13349,0.16684,-0.072994,-0.09535,2
-4.5142,-3.7552,2.4871,-2.1902,0.42473,2.3216,-0.18765,2.4724,-0.86502,0.081337,0.61632,0.53936,-0.72289,0.07511,0.072661,0.76666,0.06512,2
-4.6411,-4.0404,2.9325,-2.3766,0.81194,2.1713,0.15552,2.1843,-1.0112,-0.97594,0.61952,0.22939,-0.25698,0.6353,-0.50536,0.2457,-0.036023,2
-4.542,-3.8591,2.5945,-2.2532,0.6027,2.4662,-0.019617,2.4742,-0.54802,-0.11545,0.43378,0.30583,-0.92713,0.51073,-0.4177,0.56212,0.48405,2
-4.5513,-3.273,2.4552,-2.4608,0.43847,2.2622,0.2835,2.2409,-1.0958,-1.1083,-0.12444,0.11119,-0.47705,0.50794,0.11929,0.12027,-0.5296,2
-4.5927,-3.8404,2.7811,-2.4891,-0.065359,2.169,-0.11103,1.8909,-0.72321,-0.55354,0.16554,0.078381,0.33633,0.65856,0.22571,-0.47866,0.16652,2
-4.5453,-3.6098,2.3549,-2.5299,-0.26283,2.1699,0.0079357,2.6293,-0.80222,-0.072293,-0.015147,0.099194,-0.21205,0.058497,0.24096,-0.20089,0.093614,2
-4.5408,-3.8285,2.8643,-2.2686,0.49093,2.3638,-0.19,1.7381,-0.98596,-0.28091,0.32461,0.52229,0.10862,0.55141,0.18206,-0.080028,0.39166,2
-4.7636,-6.3301,3.6207,-3.8525,-2.5334,2.0558,-0.77315,2.5625,1.0673,0.78466,-0.60182,-0.93728,1.3734,-0.69303,1.5037,-0.40383,0.27344,2
-4.4065,-2.668,1.6478,-2.4546,-1.02,1.9929,-0.22433,2.941,0.029881,1.1299,0.14747,-0.37058,0.61907,-0.26615,1.2288,-1.4981,0.92677,2
-4.6816,-5.4114,3.3252,-3.2492,-1.5465,2.1881,-0.56732,2.0843,-0.69277,-0.16144,-0.47455,0.063466,0.55577,-0.1473,0.83337,0.44219,-0.29395,2
-3.658,0.39857,-0.97901,-3.3989,4.9353,0.19215,-4.552,0.87179,-0.8661,-0.64226,0.02077,-0.2214,-1.5389,-0.61677,-1.0989,0.70049,0.93641,3
11.042,-1.3706,3.8031,1.2102,3.4287,1.3317,-0.54313,0.42858,1.4964,1.5872,1.991,-0.98688,-1.1022,-1.0228,0.46754,0.61358,0.06731,3
9.8693,-3.6681,-2.3433,0.5044,4.1789,0.63117,-1.6184,-1.1968,0.94736,-0.44624,0.62144,0.35766,0.053885,-1.167,-0.70021,-0.89933,-0.33203,3
12.195,-4.5856,-0.092113,2.101,3.3132,1.7639,1.2549,-0.923,0.18533,0.21156,0.37814,-0.13435,-0.85263,-0.61024,-0.54406,-0.28022,-0.53343,3
10.784,-6.5216,-1.2085,3.8834,4.5902,3.1384,0.18002,-0.84949,1.9262,2.8783,0.3297,0.26486,0.16842,-0.19536,-0.29047,-0.78661,0.68154,3
6.3225,-1.4589,-0.67812,2.4823,3.192,1.3932,-0.070639,0.75501,0.3911,1.4685,-0.12105,-0.34675,-0.20131,-0.80935,0.91422,0.8387,-0.035666,3
10.797,-3.3338,0.18704,3.2411,3.3635,1.7114,0.63702,-0.30732,1.4007,1.0037,0.66748,0.35516,-0.063871,-0.31745,0.61797,-0.70557,-0.67924,3
9.899,-2.4676,1.0992,3.4873,2.9415,0.89038,1.1157,-0.11011,0.87039,0.90196,0.052613,-0.5579,0.3,-0.5144,-0.92871,-1.0316,-0.74726,3
4.0805,-1.02,-1.1962,2.7392,3.3404,1.3312,0.014533,1.1018,1.4999,0.9538,-0.30826,-0.098386,0.63019,0.12452,-0.16056,-0.10337,0.52903,3
6.5025,-3.7627,-1.9745,4.1035,2.8933,1.8174,2.6922,0.82768,1.5442,1.872,0.14115,0.60147,0.51922,-0.13435,0.41796,0.43016,-0.21827,3
-0.47104,5.1477,-1.7249,1.2613,2.334,-1.2119,-2.184,2.152,1.0337,-0.90048,-1.8334,0.67339,0.36795,0.23655,0.45308,1.3774,0.76162,3
3.8017,1.8605,-1.3754,2.8833,2.7341,0.36602,-0.27888,1.2056,0.88214,0.079226,-0.56144,0.49756,0.32566,0.11743,0.42401,-0.14986,-0.67897,3
3.8572,-0.078182,-3.4258,1.4548,4.0977,0.89069,-1.842,1.1094,0.71461,0.38662,-0.39504,0.12783,-0.17984,0.51047,0.34545,0.030489,-0.84486,3
4.3238,1.4794,-2.8321,0.16849,2.8041,-0.55014,-1.7897,1.006,1.369,-0.87971,0.25465,0.62103,-0.22682,0.0041358,-0.006665,-0.68734,-0.37696,3
4.8724,-0.68466,-4.2747,2.0327,3.3911,0.99338,-1.1444,0.8937,0.81591,0.52351,-0.4923,0.67171,-0.31696,0.73826,0.61326,-0.29098,-1.157,3
4.16,1.0532,-0.29603,2.9365,3.2069,0.82031,0.089072,2.1,1.3754,1.1899,-0.080913,0.02791,-0.85514,-0.92732,0.43571,0.56917,-0.96082,3
7.6178,-1.8689,-0.99725,2.7973,3.9223,1.6905,-1.4011,1.5029,0.96538,1.9762,-0.2538,-0.70083,-0.64115,0.91092,-0.38191,0.1172,-0.51538,3
-0.057999,5.4726,-0.54949,2.2613,1.3321,-1.5632,-0.72559,2.5684,1.5285,-0.68628,-1.493,0.90185,0.59821,0.2883,0.59866,1.0185,0.34451,3
-0.064296,5.0681,-0.40665,2.5234,1.853,-0.44133,-0.57773,2.394,1.3654,-0.63265,-0.85462,0.92852,0.73575,1.0017,0.67988,0.9777,0.68546,3
-2.2711,6.256,-2.4294,1.1374,0.35782,0.73825,0.47266,1.8193,-0.55852,-0.6143,0.27328,-0.82773,0.34552,-0.36467,-0.26702,-0.46153,0.075065,3
-2.2713,6.195,-2.66,0.99095,0.57588,0.51228,0.41477,1.5738,-0.6783,-0.41485,0.53347,-1.1803,0.27265,-0.32477,-0.1595,-0.69518,-0.37247,3
-1.1185,5.7242,-2.7023,-0.34849,1.43,-0.26243,-1.5783,0.96333,0.186,-0.71215,0.91968,-1.0019,0.066377,-0.61483,-0.45036,-0.35595,-0.60155,3
-0.079796,1.4976,1.7832,0.53507,-2.3229,0.88894,-0.49224,-0.29967,1.6474,-0.84084,-0.74921,0.63899,0.83997,-1.6264,0.13233,-0.18841,0.3642,4
-2.2849,4.1351,-1.607,0.2132,0.29264,-0.17043,-0.18417,0.68892,0.50807,-0.56544,-0.086763,-0.57168,0.72437,-0.4308,-0.2908,-0.72518,0.26563,4
-3.346,5.9383,-2.854,1.0644,0.2755,1.4247,1.1675,1.0096,-0.64088,-0.32508,0.71056,-1.3226,-0.29821,0.26312,0.19091,0.11067,0.013702,4
-3.5141,2.7455,-1.2938,0.4929,-0.50362,1.919,0.57875,-0.075549,0.69273,-0.075971,0.35822,-1.1805,0.25391,-0.11189,0.20014,0.060027,0.66848,4
-3.4299,4.3248,-2.1493,0.78136,-0.13113,1.7253,0.94077,0.5848,0.15401,-0.12774,0.48655,-1.2728,-0.21686,0.1532,-0.056642,0.020187,0.53997,4
-3.483,3.3038,-1.6066,0.61467,-0.88458,1.8025,0.53966,-0.25733,0.17742,-0.23714,0.086685,-0.96256,0.29065,0.0069638,0.46141,-0.16284,0.16795,4
-3.2711,5.9538,-2.8071,1.2007,0.65575,-0.63044,0.69303,1.7161,-0.71497,0.019206,-0.56336,-0.53573,-0.61492,-0.16354,-0.026081,-0.29201,0.66471,4
-3.2851,5.9122,-2.7785,1.219,0.71122,-0.63602,0.72035,1.7089,-0.69443,-0.081188,-0.52576,-0.54915,-0.67079,-0.087997,-0.14294,-0.29835,0.64581,4
-3.6196,1.2521,-0.5959,0.41514,-0.61248,2.1351,0.36062,-0.42102,1.5106,0.083777,0.46736,-1.1776,0.16118,-0.055277,-0.308,-0.029296,1.2049,4
-3.5718,2.7762,-1.2664,0.43284,-0.68232,1.6278,0.40468,0.37263,0.51282,0.36644,0.7813,-1.3324,0.34057,0.047007,-0.031329,0.70135,0.69586,4
-3.3988,5.442,-2.6954,1.0844,-0.017839,1.3944,1.0701,0.75288,-0.17555,-0.42008,0.79481,-1.4133,-0.16312,0.35394,0.07504,-0.23941,0.045075,4
-3.5817,2.8452,-1.38,0.14347,-1.2381,1.6153,0.55906,0.25199,0.67463,-0.13097,0.1498,-1.5776,0.38634,0.079183,0.29798,0.3893,0.086105,4
-3.2958,5.9295,-2.8425,1.2428,0.54245,-0.69455,0.6906,1.7215,-0.52001,0.026057,-0.48015,-0.66076,-0.66311,0.026376,-0.24057,-0.38638,0.71378,4
-3.2885,5.8757,-2.8384,1.237,0.55265,-0.65407,0.69073,1.6918,-0.59067,0.015552,-0.52559,-0.55381,-0.78307,-0.018417,-0.25073,-0.22421,0.61377,4
-3.4984,4.1178,-2.0914,0.5017,-1.081,1.4228,0.72191,0.46673,-0.21601,-0.38632,0.28404,-1.289,0.085399,0.19458,0.30301,0.4614,-0.42123,4
-3.6776,-1.5165,0.95575,0.94954,-0.56203,3.033,-0.55728,-3.3143,1.7467,-0.33344,0.26264,0.64776,0.18699,0.094718,-0.1676,-0.37516,1.1728,4
-3.5741,-1.0404,0.15467,1.0994,-1.3858,3.057,-0.65172,-2.6335,0.89731,0.14594,-0.077792,1.2673,-0.84636,-0.50704,-0.08313,0.11232,0.67543,4
-3.6963,-0.89642,0.42712,0.91129,-1.0698,2.6616,-0.54326,-2.1804,1.4445,0.16689,0.40489,0.23108,0.14622,-0.18234,-0.23596,-0.22978,1.3018,4
-3.732,-1.6765,0.83432,0.60198,-1.2124,2.8176,-0.57839,-2.4251,1.2524,0.17051,0.06478,0.48482,-0.1866,-0.18907,-0.48143,0.56302,0.9846,4
-3.6716,-1.0508,0.31461,0.68313,-1.022,2.8037,-0.409,-1.6139,1.2023,0.2923,0.29443,0.42923,-0.85889,-0.38024,-0.58202,0.95842,0.92,4
-3.5802,3.414,-1.7814,0.50327,-1.865,1.2527,0.18369,0.48948,-0.15742,0.17436,0.45582,-1.2158,0.3481,0.073381,0.51482,0.47409,-0.39548,4
-3.62,2.0153,-0.93032,0.84526,-1.4606,1.8946,-0.071746,-1.3617,-0.15152,-0.22113,0.1408,-0.088642,-0.095279,0.58514,0.033485,0.20951,-0.42229,5
-3.5981,2.2944,-1.1166,1.0288,-1.1983,1.8654,-0.035802,-1.1598,-0.25023,-0.071641,0.41138,0.0098669,-0.44277,0.64529,-0.22556,0.49234,-0.39877,5
-3.6487,1.0722,-0.76401,0.94878,-2.2156,2.1452,-0.45803,-1.9451,-0.3338,0.30567,-0.19775,0.76565,-0.68703,0.45418,-0.12525,0.30269,-0.6833,5
-3.6588,1.1187,-0.67416,1.1502,-1.6883,2.2017,-0.37945,-2.089,-0.3779,0.23967,0.021959,0.88524,-0.77455,0.69499,-0.5103,0.19816,-0.41053,5
-3.7165,1.0538,-0.5756,0.39821,-2.2322,1.752,-0.27891,-1.0537,0.6761,0.37874,0.22707,-0.5848,0.2922,0.53761,-0.11632,0.21558,0.035408,5
-3.5351,2.867,-1.3625,1.1671,-0.8105,1.8843,0.17937,-0.99248,-0.51608,0.07764,0.32115,0.075931,-0.36767,0.48427,-0.22649,-0.084076,-0.04959,5
-3.6474,0.87715,-0.66347,1.5258,-1.471,2.3558,-0.55637,-2.1954,0.041734,0.52792,0.45947,1.1775,-1.0517,0.76491,-0.75774,-0.17978,0.10304,5
-3.6571,0.78626,-0.34075,1.0952,-1.5373,2.2765,-0.48336,-2.3871,0.42079,0.040927,0.29482,0.45967,-0.169,0.92346,-0.31913,-0.26203,0.22662,5
-3.6891,0.65364,-0.37436,1.1386,-1.8584,2.1897,-0.63218,-2.3942,-0.15383,0.015334,0.18184,0.92517,-0.56083,0.67913,-0.16793,0.32475,-0.70282,5
-3.6253,1.2458,-0.92912,1.2526,-2.197,2.1149,-0.59219,-2.0477,-0.13406,0.4765,0.20101,0.8414,-0.67296,0.59504,-0.18942,-0.026394,-0.39831,5
-3.511,1.9815,-0.95031,1.1705,-0.55617,2.4173,0.11586,-1.6532,-0.014994,-0.24803,0.1316,0.36853,-0.60324,0.43031,-0.22208,-0.20925,0.33516,5
-3.5611,2.4864,-0.99451,0.69619,-1.213,1.8625,0.0059556,-0.96116,-0.76011,-0.19789,-0.043492,-0.0023107,0.28066,-0.036614,0.8051,0.090404,-0.58198,5
-3.526,2.5507,-1.1863,0.87898,-1.3035,1.9562,-0.017118,-1.0587,-0.76374,-0.14373,-0.034137,0.21212,0.039886,-0.028272,0.68612,-0.14614,-0.4463,5
-3.5013,2.8416,-1.2169,0.85272,-1.3135,1.8592,-0.088579,-0.9891,-0.79772,-0.065846,0.11205,0.076095,0.52849,-0.077151,1.0911,-0.48189,-0.27077,5
-3.5922,1.7624,-0.70073,0.813,-1.1005,2.1007,-0.16341,-1.1984,-0.40783,0.11797,0.19131,0.22615,-0.0063042,0.13035,0.3059,0.12721,0.029905,5
-3.7008,0.85763,-0.21744,0.48761,-1.4013,2.063,-0.25992,-1.2184,-0.13075,-0.22446,0.21617,0.044029,0.16556,0.10998,0.28498,0.32538,-0.21056,5
-3.5139,2.3038,-1.0647,0.80677,-1.1907,2.1341,0.020866,-1.187,-0.56638,-0.23129,-0.18285,0.19379,0.013027,-0.18021,0.79548,-0.19063,-0.32493,5
-3.5753,1.7286,-0.71513,0.63871,-1.3066,2.1078,-0.16629,-1.1574,-0.27939,-0.054112,0.026628,0.070981,0.13726,-0.11972,0.74364,0.22564,-0.23233,5
-3.565,1.9827,-0.7032,0.80205,-0.59315,2.1883,0.14154,-1.3455,-0.73865,-0.56786,-0.10128,0.34164,-0.10254,-0.077098,0.46296,0.18383,-0.49346,5
-3.6016,1.7472,-0.59038,0.71657,-1.1089,2.0937,-0.13597,-1.3883,-0.47117,-0.28658,0.11892,0.14703,0.23048,0.24787,0.46209,0.038183,-0.12705,5
-3.5511,1.5232,-0.39241,1.106,-0.59405,2.3888,-0.27931,-2.056,-0.26935,-0.22062,0.25814,0.60754,0.28688,0.20817,0.57344,-0.49002,0.30882,5
-3.6136,1.6414,-0.35199,0.43068,-1.2143,2.0561,-0.1669,-1.4486,-0.75937,-0.58929,-0.19936,0.10652,0.74127,-0.097646,1.1586,0.12365,-0.57761,5
-3.0382,2.2982,-1.9249,-1.5848,0.68849,-1.0681,-4.2994,-0.58978,-1.1994,-0.14802,-1.9353,0.86235,0.26988,-2.1329,0.47226,0.18402,0.8695,6
10.714,0.85504,4.0107,0.35392,0.066796,0.62679,-2.0885,-0.32902,-0.56473,0.0039971,0.042836,-0.60019,-0.92836,-0.39789,0.46733,-0.32855,-0.087241,6
10.967,0.71623,3.357,1.9735,-0.7519,-0.29983,0.44014,-0.78476,-0.32578,-0.4326,-0.1737,0.80515,0.25995,-0.45577,0.69357,-0.82945,-0.35357,6
9.9981,0.56378,2.6866,0.16771,-0.30369,-0.60256,-1.2892,-0.70256,-0.49782,-0.43346,-0.18172,-0.045515,0.016959,0.25228,1.135,-0.26186,0.12707,6
9.9551,1.1293,2.6743,0.16215,-0.093726,-0.89575,-1.6083,-0.97631,-1.0382,-0.54563,-0.33549,-0.33204,-0.70175,-0.45304,0.84863,0.61343,-0.47708,6
11.084,0.33918,1.7658,0.40355,0.20264,-0.48144,-1.8596,-0.72792,-1.2206,-0.40006,-0.18591,-1.035,0.3834,-1.2424,0.029547,-0.39919,-0.3285,6
12.683,2.6478,5.7346,1.0509,-1.813,-0.71274,0.8551,-0.32289,-1.0271,-1.4663,0.42369,-0.05018,-0.63719,-0.49624,-0.68739,-0.12279,0.38148,6
10.156,0.24775,2.7926,1.3982,0.86364,0.36631,-0.95248,0.41778,-0.30135,0.83049,0.33038,0.32433,-1.0829,0.19754,2.2945,0.98451,-0.30643,6
9.343,0.23175,4.2468,2.755,0.018272,-0.25123,-1.4228,0.97615,-0.41459,-0.39258,-1.3832,-0.068609,1.4001,1.5244,-0.42494,0.30265,-0.064229,6
9.3452,0.042934,3.2829,2.4969,-0.42736,0.012824,-0.49477,0.48848,0.51369,0.40981,-0.23957,0.52405,0.52732,0.46024,1.2043,-0.15045,-0.40652,6
11.595,2.1012,4.5196,-0.63526,-0.60145,-1.3252,-4.004,0.16644,-0.95683,-0.71632,-1.3218,-0.94374,-0.48624,0.45843,-0.77229,-0.044642,0.54453,6
15.242,3.0948,8.3152,0.80663,-2.6068,-1.3285,1.113,-0.012054,0.55935,-0.88452,1.4708,0.29916,-1.4232,-0.044721,-0.40565,-0.73731,0.0080075,6
8.3061,0.40309,1.7342,0.57402,1.4057,0.020153,-4.6531,-0.93918,-0.71729,-0.39346,-0.74386,-0.59718,0.4452,0.7798,-0.10986,-0.29367,0.024798,6
9.78,1.4104,5.1167,2.8765,-0.93253,-0.36528,-0.0030224,0.066577,-0.65617,-0.038662,-1.0333,-0.19252,-0.20312,0.36313,0.63924,1.0178,-0.0277,6
9.0058,1.4034,3.5686,0.97198,-1.0419,-0.21917,-2.3582,-0.58897,-1.1228,-0.40446,-0.66814,-0.81997,0.34298,0.48518,0.00021139,-0.32274,-0.2741,6
10.786,1.6568,5.1392,1.4211,-1.2373,-0.47379,-0.088326,0.31333,-0.43637,0.25114,-0.20545,-0.39132,-1.2097,-0.62794,0.2361,0.80937,0.84803,6
9.5551,1.2929,4.1984,0.7346,-0.99538,-0.17434,-2.2957,-0.43367,-0.91587,-0.75772,-0.47577,-0.78672,0.22378,1.2579,-0.19657,-0.82555,-0.0020237,6
11.085,1.2727,6.4451,2.5565,-1.8068,-1.7995,0.24951,0.19453,-0.27866,-0.19482,-0.28577,0.1406,0.7081,1.3528,-0.26643,-0.58523,-0.36347,6
10.75,0.80513,3.6307,1.2402,0.19177,-0.2109,-3.2216,-0.97199,-0.082151,-0.22117,-0.45954,-0.69671,0.37851,0.7833,-0.37776,-0.4621,0.18915,6
10.824,1.1316,5.3842,2.349,-1.9229,-0.72407,0.14241,0.48259,-0.1704,-0.6328,0.19104,-0.16259,0.25351,1.3074,0.57769,0.376,-0.73073,6
12.88,1.7833,8.8732,3.2797,-1.7606,-0.83146,1.0212,0.21681,-1.7661,-0.78187,0.33196,-0.25154,0.4084,1.1678,-2.2512,-0.2839,0.62001,6
-1.8442,0.91458,0.17259,-0.11598,-0.76059,0.011178,-2.3794,-1.2654,-0.21692,0.70904,1.2552,-0.27864,1.56,-0.96199,-0.29647,-0.81911,0.12228,7
-1.5223,1.3264,0.52534,0.15218,-1.3538,-0.36605,-2.4576,-0.3133,0.14682,0.67724,0.67074,-0.15875,1.4376,-1.2272,0.14841,0.19372,0.34855,7
-3.8924,0.71383,-2.8572,-2.8368,0.28614,-0.096915,-4.5655,-1.4593,-1.6731,0.74746,1.2453,-1.8436,-0.14736,-0.77334,-0.36761,-0.85117,-0.70032,7
-3.9045,0.35166,-0.091785,0.10579,-0.54628,-2.3624,-0.31673,0.56387,-0.81559,1.1065,-0.46817,0.7132,0.19657,-0.18744,0.3726,0.30674,0.064322,7
-3.8828,0.097235,0.24493,0.59738,-0.059388,-2.27,-0.63413,-0.37411,-0.51305,1.2268,0.2445,1.0472,0.92468,0.14222,0.3887,-0.61914,0.92364,7
-4.0227,-0.61063,0.61436,-0.041383,-0.86504,-2.5008,-0.76034,0.14232,-0.46256,1.3821,-0.058469,0.66306,1.05,0.05601,0.46771,0.12147,0.38823,7
-4.137,-0.8994,0.34039,-0.049495,-0.31394,-1.8595,-0.21665,0.076041,-0.18502,1.741,1.0306,-0.071303,0.19678,0.04271,0.076056,0.59266,-0.061908,7
-4.1208,-0.62575,0.051983,-0.030992,-0.67715,-1.9441,-0.28226,0.39026,-0.40996,1.9853,1.0037,-0.010721,-0.037038,-0.013137,0.10515,0.7502,-0.20359,7
-3.9736,-0.077705,0.19641,0.31828,-0.48099,-2.4211,-0.50147,0.23964,-0.50367,1.1249,0.059734,0.71166,0.51699,0.23849,-0.037734,-0.27566,0.62248,7
-4.1868,-0.72163,0.23132,0.10285,-0.93077,-2.2219,-0.51939,0.18683,-0.27309,2.275,1.4247,-0.22175,0.89499,0.24817,0.083239,-0.22713,0.42445,7
-4.1853,-0.75854,0.26887,-0.024895,-0.53497,-2.0962,-0.22031,0.214,-0.312,1.736,1.1506,-0.21877,0.4106,0.17294,-0.054374,0.31629,-0.12356,7
-3.957,0.058336,0.10569,0.49505,-0.53731,-2.4778,-0.62142,0.1217,-0.24268,1.3932,0.24351,0.63298,0.73951,0.22287,0.1141,-0.59419,0.83999,7
-4.2071,-0.8946,0.3872,-0.15756,-1.1134,-2.228,-0.42483,-0.091564,-0.43425,1.6559,1.095,-0.19345,0.99577,0.38328,0.20829,-0.023605,-0.18311,7
-4.1472,-0.63834,0.43705,0.60907,0.0012702,-2.1633,-0.62723,-0.50333,-0.48345,2.1318,2.1507,0.22014,1.2035,0.49206,-0.094039,-0.29555,0.81166,7
-4.0026,-0.050981,0.026931,0.31433,-1.172,-2.5623,-0.72757,0.45024,-0.1123,1.4997,0.041187,0.49154,0.42407,0.35807,0.090259,-0.30674,0.49767,7
-4.1206,-0.27586,-0.17838,0.24781,-0.54871,-2.1128,-0.1028,0.088771,-0.87293,1.3301,1.143,0.19422,-0.060533,0.16424,-0.19868,0.50689,-0.6682,7
-4.1927,-0.96425,0.33661,0.20292,-0.059259,-1.909,-0.16291,0.04849,-0.11916,1.5025,1.4052,-0.055146,-0.30418,0.56534,-0.72767,0.83309,-0.058474,7
-4.2076,-0.75872,0.2835,-0.033742,-0.49073,-2.1959,-0.17285,0.12846,-0.44788,1.4469,1.3014,-0.23929,0.28687,0.44138,-0.35514,0.82565,-0.42848,7
-4.1549,-0.38524,-0.044335,0.11699,-0.35408,-2.0437,0.10782,0.084458,-0.327,1.2792,0.97607,-0.23671,0.021103,0.39436,-0.4782,0.047716,-0.25181,7
-4.1523,-0.26197,-0.056793,0.20595,-0.80231,-2.2069,-0.22007,-0.072321,-0.56077,1.493,1.1229,-0.13157,0.55214,0.40939,-0.02434,-0.2338,-0.24698,7
-4.1943,-0.68829,0.13497,0.063892,-0.84715,-2.2735,-0.28572,0.099721,-0.34378,1.7606,1.3358,-0.22307,0.57761,0.32664,-0.19694,0.17907,-0.17108,7
-4.2342,-1.3568,0.58736,-0.043562,-0.58324,-2.1642,-0.4822,0.15788,-0.18864,1.8845,1.6734,-0.18207,0.58001,0.19889,-0.18406,0.8165,0.025958,7
-3.9683,-0.088111,-0.11339,0.32767,1.5607,-1.2376,0.98216,-0.51988,-0.31229,-0.48575,0.45722,0.14298,-1.0039,0.26511,-0.82794,0.4774,-0.40286,8
-3.9219,-0.66272,0.20681,0.45964,1.817,-0.85541,0.66962,-0.727,-0.18263,-0.025386,0.50204,0.60167,-1.2828,-0.01445,-0.61642,0.77709,0.048836,8
-3.9793,0.26015,0.23717,0.13075,2.1415,-1.3204,1.0057,-0.44374,-0.9916,-0.60447,0.44713,0.13919,-0.14858,0.23228,-0.307,0.41395,-0.27834,8
-3.9358,-1.1466,1.1054,0.39932,2.7407,-0.95015,0.64901,-1.828,-0.70143,-0.8901,0.99485,0.78582,1.0787,-0.58967,0.44661,-0.75317,0.49073,8
-4.0039,-0.81788,1.3073,-0.14379,2.9647,-1.0722,0.93153,-1.232,-1.2751,-1.4817,0.57097,0.4118,1.1961,-0.44237,0.63354,-0.14354,-0.091226,8
-3.8828,0.062923,0.396,-0.01267,2.5468,-0.94096,1.1342,-0.59471,-1.3943,-1.123,-0.011827,0.51838,0.034267,-0.76236,0.65939,0.046729,-0.44975,8
-3.9488,0.0066215,0.74136,0.01526,3.2464,-1.058,1.3219,-0.757,-1.4096,-1.452,0.50767,0.23348,0.60748,-0.16425,-0.04367,-0.3524,0.30308,8
-3.9567,-0.57399,0.93432,-0.0532,2.7967,-1.0162,0.97156,-0.85588,-1.3144,-1.1061,0.54418,0.46676,0.64648,-0.48344,0.31728,0.046502,0.14868,8
-3.9234,-0.12788,0.51394,-0.076587,2.3408,-1.2104,0.99046,-0.4896,-1.0929,-0.65219,0.4476,0.2117,0.80397,-0.86282,0.71525,-0.34792,0.036164,8
-3.9182,-0.71349,0.73589,0.15099,2.3882,-0.85152,0.83992,-1.0291,-1.1162,-0.85579,0.25263,0.77711,0.11687,-0.64387,0.37467,-0.20618,0.013117,8
-4.0665,-1.4693,1.3103,-0.52148,2.0883,-1.0777,0.77732,-0.57857,-0.89707,-1.0129,0.31474,0.16898,0.4297,-0.55046,0.3659,0.85761,-0.36693,8
-3.9446,-0.25679,0.61576,-0.017678,2.3624,-1.2126,0.99204,-0.80396,-1.6151,-1.1261,0.40579,0.48327,0.67267,-0.66343,0.46768,0.0066835,-0.32476,8
-4.0299,-1.2857,1.289,-0.037501,3.2348,-0.86135,1.0321,-0.78296,-0.85273,-1.1261,0.72199,0.42779,0.021209,-0.30855,-0.42049,0.65203,0.29872,8
-3.9776,-0.67514,0.8212,-0.10574,2.7805,-0.95434,1.1386,-0.64278,-0.28984,-1.1596,0.56354,-0.11142,0.21372,-0.30105,0.020971,-0.024564,0.27279,8
-4.0199,-1.2803,0.9703,-0.20151,2.1307,-0.88575,0.91393,-0.64238,-0.16419,-0.76922,0.28797,0.057188,0.14578,-0.3032,-0.12846,-0.17476,0.51919,8
-3.9975,-1.0715,1.0683,0.074021,2.6683,-0.88875,0.92408,-1.22,-0.53581,-1.0763,0.53989,0.35421,0.39782,-0.10371,-0.1595,-0.28062,0.45718,8
-4.0748,-0.80946,1.1646,-0.2071,2.6312,-1.1342,0.90934,-0.68044,-1.0804,-1.0752,0.52198,0.24319,0.25012,0.23197,-0.26356,0.78204,-0.1431,8
-4.0257,-0.92564,1.0799,-0.025701,2.8281,-0.95294,0.99459,-0.94216,-0.50123,-1.1815,0.59521,0.16684,0.17425,0.051326,-0.23604,0.22852,0.17273,8
-3.9261,0.18456,0.30845,0.18805,2.2707,-1.0495,0.99483,-0.79449,-0.6874,-0.81579,0.18314,0.25339,0.0085136,-0.0049153,0.24095,-0.32072,-0.13907,8
-4.1154,-0.68469,1.171,-0.25557,3.0043,-1.1621,1.3878,-0.92848,-0.64797,-2.1057,0.38198,-0.249,0.39407,0.51875,-0.52872,-0.041033,-0.33079,8
-4.1447,-1.0761,1.6711,-0.11086,3.3448,-1.4195,0.8059,-0.99982,-1.3194,-1.1568,1.4032,0.24511,1.1089,0.32426,-0.39333,1.1043,-0.019449,8
-4.0328,-0.95655,0.40048,-0.82384,-0.041734,-1.1027,0.86063,-0.77138,0.25218,-0.41601,-1.3086,-0.54694,-0.14191,-0.33756,0.74141,-0.088265,-1.1022,9
-4.0657,-1.5808,0.49341,-1.059,-0.36446,-0.95245,1.0644,-0.69181,1.3332,-0.39524,-1.6253,-1.1426,-0.050849,-0.39793,0.41167,-1.0407,-0.3308,9
-3.9153,-1.4859,0.78538,-0.86266,-0.24753,-1.2908,0.48998,-0.37656,1.3547,-0.41624,-2.2603,-0.26776,-0.15418,-0.31825,0.27181,-0.44936,0.5189,9
-4.0935,-2.0194,0.9,-0.92654,-0.22766,-0.90786,0.77685,-1.3584,1.6931,-0.30042,-1.3364,-0.97542,0.35117,-0.2073,0.63251,-1.1904,-0.27315,9
-4.1777,-1.9089,1.0948,-0.97476,0.73249,-1.0329,1.124,-0.73006,0.53798,-0.62151,-1.0099,-0.77016,-0.31099,0.19633,-0.60911,0.1406,-0.38732,9
-4.0001,-1.3463,1.0246,-0.66511,-0.11909,-1.5885,0.25823,-0.51399,0.73036,0.024724,-2.0386,0.12053,0.15785,0.047971,0.090382,-0.32747,0.28714,9
-4.1551,-2.0636,1.3927,-0.58982,1.0623,-0.82435,0.82257,-1.7789,1.1354,-0.95375,-0.6795,-0.62831,0.083933,0.65097,-0.2242,-0.45365,-0.16624,9
-4.0646,-1.526,0.77781,-0.5952,0.47051,-1.0596,0.75009,-1.0392,0.99758,0.020542,-0.61206,-0.75188,0.19411,-0.047126,0.095536,-0.40267,0.092247,9
-4.1319,-1.94,0.94328,-0.69239,0.66882,-0.88355,0.89706,-0.76229,1.4672,-0.22798,-0.77536,-0.87842,-0.56764,0.12288,-0.35043,-0.065003,-0.082898,9
-4.1492,-1.876,0.95222,-1.0427,0.38764,-0.94601,0.9307,-0.54084,1.1101,-0.11559,-0.94239,-1.0241,-0.59023,0.41444,-0.57943,0.62711,-0.089289,9
-4.1725,-2.5356,1.3604,-0.9081,0.23659,-0.97681,0.56743,-1.1117,1.6645,0.41069,-0.80444,-0.92582,0.20262,0.032045,-0.05695,0.011536,0.18577,9
-4.206,-2.3666,1.2803,-1.2091,-0.125,-1.1772,0.6894,-1.0204,1.1696,-0.37841,-1.0076,-1.0806,0.22224,0.020832,0.22868,0.5309,-0.86919,9
-4.1991,-2.1338,1.1249,-1.305,-0.29939,-1.201,0.79056,-0.92464,1.0841,-0.20464,-1.243,-1.168,0.13464,0.1739,0.061179,0.4778,-0.80749,9
-4.0196,-1.7539,0.90679,-0.92308,-0.43447,-1.5604,0.4007,-0.030009,1.5523,0.11193,-2.1413,-0.38638,-0.40828,-0.27058,-0.069205,0.18528,0.090363,9
-4.2168,-2.7333,1.4757,-1.022,0.31767,-0.90552,0.8193,-1.3475,1.6097,-0.3754,-1.026,-1.0103,0.0088378,0.40166,-0.50856,-0.041978,-0.029708,9
-4.2213,-2.5924,0.96904,-1.6203,-0.88384,-1.1357,1.0373,-0.50899,2.2387,-0.32734,-1.5467,-1.9016,0.016694,-0.11688,-0.03484,-0.29642,-0.47829,9
-4.1861,-2.4614,1.2804,-0.98239,0.19087,-1.0808,0.49549,-0.71846,1.5245,0.47779,-0.32053,-1.0778,-0.010756,0.32284,-0.41477,0.8021,0.3284,9
-4.1236,-2.1166,1.052,-0.57858,0.37868,-1.0087,0.41384,-0.91797,1.3861,0.72458,-0.3033,-0.6013,-0.23875,0.18356,-0.2635,0.49561,0.24482,9
-4.2467,-2.387,1.2183,-1.2788,0.31791,-1.1003,1.0362,-0.41054,1.4513,-0.58002,-0.77096,-1.4624,-0.50753,0.54673,-0.90884,0.87621,-0.29267,9
-4.1513,-2.1757,1.2593,-0.44636,0.33104,-1.11,0.3532,-1.7181,1.1698,0.16898,-0.29073,-0.46604,0.49564,0.44219,-0.082149,-0.29557,0.094159,9
-4.2118,-2.2175,1.1002,-0.85218,0.4912,-1.1257,0.88381,-0.68712,1.3954,-0.14665,-0.51346,-1.0764,-0.40425,0.39374,-0.84102,0.42108,-0.11224,9
-3.8258,0.3915,-0.5383,0.173,-0.67239,-1.9054,0.10635,0.44473,-0.041918,0.42449,-1.2442,0.67647,-0.8703,-0.20283,0.15176,-0.41236,-0.10523,10
-3.7067,0.84856,-0.85466,0.88339,0.28744,-1.5746,0.27193,-0.087968,0.3735,0.32902,-0.87588,0.97602,-1.3005,-0.13464,-0.11884,-1.2075,0.50751,10
-3.9658,0.27006,-0.6125,0.28239,-0.070457,-1.4412,0.50105,-0.18632,-0.50099,0.61789,-0.041888,0.25769,-1.0793,0.16789,-0.21448,-0.04726,-0.67081,10
-3.7198,1.3624,-1.0913,0.7995,-0.19857,-1.859,0.22674,0.1658,-0.49273,0.3039,-1.0503,1.0657,-1.1794,0.014653,-0.07161,-0.91104,0.047316,10
-3.7782,0.47093,-0.7796,0.62455,-0.53205,-1.8416,-0.0079645,0.36046,-0.24996,0.81286,-0.87454,1.1619,-1.1838,-0.31333,-0.17685,-0.58255,0.27338,10
-3.7398,0.68015,-0.79266,0.79068,-0.0898,-1.6913,0.18864,-0.017235,0.058688,0.33006,-0.96443,1.0527,-1.1561,-0.039586,-0.28638,-1.1009,0.49869,10
-3.776,0.74301,-0.88684,0.55596,-0.75049,-1.984,-0.041429,0.52088,-0.57347,0.67626,-0.829,1.1099,-1.0581,-0.12793,-0.15187,-0.40134,0.15325,10
-3.8325,0.30025,-0.62537,0.3031,-1.0083,-2.0213,-0.15936,0.60225,-0.071177,0.92108,-0.93624,0.81987,-0.95231,-0.21679,0.057967,-0.12239,-0.0047302,10
-3.8775,-0.07005,-0.45384,0.15195,-1.1449,-2.0721,-0.18026,0.68583,-0.26027,0.78235,-0.92513,0.89098,-0.89113,-0.34923,0.0090868,0.085164,-0.18843,10
-4.0573,-0.31672,-0.69177,-0.3032,-1.9472,-1.9254,0.046431,0.58404,-0.058729,1.1967,-0.028019,-0.32246,-0.48654,-0.31566,0.47919,0.062338,-1.0779,10
-4.0037,-0.045018,-0.66466,0.11565,-0.73958,-1.4701,0.45997,-0.11755,-0.10641,0.70606,-0.21775,0.043312,-1.1594,0.35048,-0.44365,-0.25447,-0.5661,10
-3.8542,0.24612,-0.6701,0.14579,-1.3566,-2.0122,0.015355,0.30674,-0.3175,0.25792,-1.4312,0.87856,-0.97564,-0.18391,0.12969,-0.42062,-0.62519,10
-3.8695,0.065595,-0.51107,0.20905,-1.3388,-2.0056,-0.12756,0.26185,0.13908,0.73938,-1.2036,0.71357,-0.65117,0.072587,-0.082439,-0.82283,0.19382,10
-3.7501,0.66443,-1.0148,0.70532,-0.76714,-1.8074,0.010402,0.15439,-0.23385,0.69698,-1.0311,1.2503,-1.5057,-0.11563,-0.26184,-0.46381,-0.02126,10
-4.2302,-2.0173,0.25611,-1.021,-3.0464,-1.9468,-0.33289,0.03004,-0.14318,0.99936,-0.63104,-0.16133,-0.015671,-0.29929,0.67595,0.7458,-1.8214,10
-1.6033,2.2694,0.61437,-1.1191,-2.1826,2.7139,-1.6033,1.5082,0.89839,0.98303,-0.44469,2.5149,1.1549,-1.9636,-3.2367,0.40808,-1.8165,10
18.564,7.1784,1.0634,-8.5523,0.88495,-0.20902,4.156,-3.008,-0.60713,1.5051,0.33783,-0.86514,-1.4119,-0.10438,1.967,0.34696,1.7123,10
14.87,6.2538,-1.1821,-12.396,2.1039,1.3078,-0.67831,-0.94363,-0.35198,1.612,-1.0733,0.29078,1.5422,-0.37804,-2.1944,-0.32892,-0.52913,10
16.219,7.4737,-0.30193,-10.588,2.017,1.6308,2.7451,-1.0059,-0.046843,2.0738,-0.41046,2.016,0.47149,0.94542,-0.11634,0.014926,-0.66133,10
15.622,8.9896,-1.5481,-8.7634,2.0717,1.9703,3.291,-1.2521,0.21306,2.3749,-1.8268,0.93866,1.3204,0.98812,0.14725,0.54148,-0.11995,10
