39.419,10.266,6.0537,41.902,12.283,6.0205,0,0,0,0.93115,0.27295,0.13379,0.97951,4.4911e-16,0.86704,0.074501,0.017899,5.8163,0.49977,0.12007,39.017,3.3526,0.80548,1,-1,-1,0.13379,46,44,4.9971,43,0,258,128,0,45,0,0,0,0,0,65.75,65.75,65.75,64.688,64.688,64.688,0,0,0,1.4375,1.4375,1.4375,2.4898,1.3473e-15,2.0664,2.0664,2.0664,13.862,13.862,13.862,92.988,92.988,92.988,0,0,0,1.4375,144.85,141.95,123.41,303.81,135.28,378.38,1
23.587,25.059,14.391,22.686,25.767,15.44,4.082,2.8398,1.8906,0.66731,0.62548,0.40697,0.98423,0.18496,0.4453,0.39122,0.16563,1.8289,2.2036,0.80577,20.038,17.605,7.4532,-0.015887,0.27029,-0.23098,0.34311,85.126,56,50.729,75.455,59.232,40,78,46,46.265,41.936,76,66,75.215,58,481.93,481.93,481.93,161.69,161.69,161.69,601.25,601.25,601.25,14.954,14.954,14.954,16.789,19.945,223.62,223.62,223.62,177.55,177.55,177.55,10063,10063,10063,0.98239,0.98239,0.98239,-0.94583,295.32,174.23,173.09,141.49,175.94,227.22,1
19.518,27.713,16.957,19.338,28.558,17.247,2.6172,1.9233,1.4409,0.62116,0.66948,0.43011,1.0071,0.069595,0.38584,0.44821,0.185,1.4796,2.7011,0.99211,17.363,20.169,8.3248,0.078216,0.45712,-0.46638,0.38327,52.454,59.385,71.972,82.157,81.406,42.504,49.656,33.227,39,31.097,38.088,60,62.824,58,343.59,343.59,343.59,171.68,171.68,171.68,239.06,239.06,239.06,8.7816,8.7816,8.7816,11.795,9.7123,77.117,77.117,77.117,141.19,141.19,141.19,3470.2,3470.2,3470.2,0.012633,0.012633,0.012633,-0.68472,300.35,187.44,180.44,146.66,188.11,229.38,1
18.003,27.714,17.749,17.61,29.064,18.183,1.6938,1.6597,1.4678,0.58521,0.6819,0.4584,1.0063,0.071706,0.34248,0.46498,0.21013,1.2075,2.7966,1.1018,15.411,20.924,9.4557,0.40529,0.59876,-0.57629,0.40407,49.353,36.011,56,50.93,62.819,39.136,35,45,43,37,35.341,41,59.603,54,265.7,265.7,265.7,98.727,98.727,98.727,306.56,306.56,306.56,9.0753,9.0753,9.0753,9.9473,12.309,82.362,82.362,82.362,62.104,62.104,62.104,3706.3,3706.3,3706.3,3.074,3.074,3.074,-0.18472,299.35,190.59,181.31,147.17,190.88,228.67,1
17.807,29.565,18.901,17.974,30.657,19.566,2.6133,1.6528,1.6831,0.55473,0.70794,0.47351,1.0134,0.078999,0.30773,0.50117,0.22421,1.1833,3.1108,1.2687,13.848,22.553,10.09,0.65276,0.93222,-1.001,0.4348,46.182,30,83.642,67.188,89.543,40.734,56.294,39,32,55,46,46.613,69,39.084,285.03,285.03,285.03,88.875,88.875,88.875,265.13,265.13,265.13,7.8195,7.8195,7.8195,9.4301,9.8314,61.145,61.145,61.145,50.723,50.723,50.723,2751.5,2751.5,2751.5,-1.0998,-1.0998,-1.0998,-1.975,298.47,192.65,187.45,150.01,192.27,222.33,1
22.839,25.866,16.883,23.264,27.396,16.467,2.6255,1.5713,1.6836,0.6637,0.64442,0.41773,1.0122,0.076183,0.4405,0.41527,0.1745,1.9069,2.4873,0.90873,19.822,18.687,7.8523,-0.07714,0.22548,-0.2577,0.36593,46.986,29.413,72.048,65.187,137.21,54.516,49.948,36,79,33,45,48,60,57,316.68,316.68,316.68,97.654,97.654,97.654,334.19,334.19,334.19,7.7019,7.7019,7.7019,10.667,8.102,59.32,59.32,59.32,50.438,50.438,50.438,2669.4,2669.4,2669.4,-0.16779,-0.16779,-0.16779,-0.65278,299.01,182.1,184.21,146.96,181.04,226.03,1
16.541,29.445,19.09,17.82,29.88,19.052,2.7295,1.9443,1.7549,0.57334,0.6932,0.46444,1.01,0.070559,0.32872,0.48053,0.2157,1.2317,2.9554,1.2046,14.792,21.624,9.7066,0.4561,0.79415,-0.75602,0.42338,48.389,54.92,47.806,76.526,76.127,48.649,73,36,52,67,58,37.321,100,38.051,273.82,273.82,273.82,145.56,145.56,145.56,343.63,343.63,343.63,10.131,10.131,10.131,11.855,13.084,102.65,102.65,102.65,116.72,116.72,116.72,4619,4619,4619,0.34922,0.34922,0.34922,-0.525,298.38,194.16,190.77,149.18,191.63,217.69,1
15.99,29.709,20.172,16.717,30.96,20.117,2.4644,1.6372,1.5669,0.53634,0.71215,0.48113,1.0111,0.063054,0.28766,0.50715,0.23148,1.0657,3.1726,1.3402,12.945,22.822,10.417,0.62581,0.94759,-1.0852,0.44704,30.321,47.663,59.707,63.128,102,62,53.507,36,51,50,97,68,106,36.636,241.47,241.47,241.47,94.666,94.666,94.666,227.25,227.25,227.25,7.1737,7.1737,7.1737,8.5255,9.141,51.462,51.462,51.462,46.598,46.598,46.598,2315.8,2315.8,2315.8,0.065273,0.065273,0.065273,-1.3917,296.18,195.95,193.5,150.69,194.48,210.3,1
18.252,27.47,18.439,19.258,28.388,18.278,3.2353,2.3462,1.811,0.59933,0.66757,0.4542,0.99211,0.16579,0.3592,0.44565,0.2063,1.3629,2.6687,1.1132,16.164,20.054,9.2835,0.24223,0.77731,-0.56251,0.40617,56.913,38,95,70.96,96.521,44.124,57,47,44,34.228,45.884,45.267,56,58,261.4,261.4,261.4,90.062,90.062,90.062,276.38,276.38,276.38,8.39,8.39,8.39,9.5407,11.085,70.392,70.392,70.392,40.914,40.914,40.914,3167.6,3167.6,3167.6,-0.97968,-0.97968,-0.97968,-1.3944,290.82,185.5,189.4,145.98,184.16,203.87,1
19.94,28.644,19.364,19.531,30.179,19.215,2.3398,1.8135,1.9609,0.57226,0.69669,0.46616,1.0126,0.069709,0.32748,0.48538,0.21731,1.3599,3.0147,1.2244,14.737,21.842,9.7787,0.48348,0.75523,-0.8389,0.42701,90,56,35.824,63,106.08,44.604,57.166,29.238,39.226,56,44.812,50,61.722,47,273.12,273.12,273.12,99.438,99.438,99.438,276.69,276.69,276.69,7.6009,7.6009,7.6009,9.9064,8.7688,57.773,57.773,57.773,61.748,61.748,61.748,2599.8,2599.8,2599.8,-0.541,-0.541,-0.541,-0.94722,297.69,188.98,196.17,149.35,189.18,203.29,1
11.58,32.831,22.807,13.944,32.914,22.594,2.3921,2.7148,1.4731,0.46248,0.74509,0.52103,1.0172,0.077778,0.21389,0.55516,0.27147,0.72728,3.586,1.6892,9.6251,24.982,12.216,1.0715,1.5183,-1.4439,0.50209,54.129,53.542,64.678,59.006,161.95,44.805,78.988,54,48,47,79.004,48,66.302,41.519,277.5,277.5,277.5,111.25,111.25,111.25,249,249,249,7.2881,7.2881,7.2881,8.7036,9.2465,53.116,53.116,53.116,62.1,62.1,62.1,2390.2,2390.2,2390.2,0.97302,0.97302,0.97302,-2.4722,294.8,207.13,202.89,153.08,201.54,191.99,1
13.725,31.201,22.204,15.302,32.181,21.538,2.3652,1.8408,1.3921,0.48495,0.73119,0.50305,1.009,0.069982,0.23518,0.53463,0.25306,0.8552,3.4279,1.535,10.583,24.059,11.388,0.90344,1.2045,-1.371,0.47862,60.093,35.847,65.082,40.277,111.15,70,44.774,55,63,65,92,88,84,39.974,291.98,291.98,291.98,105.11,105.11,105.11,320.25,320.25,320.25,7.8064,7.8064,7.8064,9.3819,9.8465,60.94,60.94,60.94,66.948,66.948,66.948,2742.3,2742.3,2742.3,-0.9614,-0.9614,-0.9614,-1.0194,294.81,202.41,202.25,151.76,198.53,189.6,1
15.58,29.891,20.271,17.882,30.408,19.618,2.4365,1.5986,1.2632,0.55357,0.6997,0.47084,1.0065,0.069564,0.30644,0.48959,0.22169,1.1757,3.0608,1.2759,13.79,22.031,9.976,0.54117,0.80347,-0.84757,0.43596,50.465,45,69,59.544,159.68,74.578,51.021,61,66,46,47,68,74.141,45,270.25,270.25,270.25,101.01,101.01,101.01,321.56,321.56,321.56,8.589,8.589,8.589,10.051,11.092,73.771,73.771,73.771,56.28,56.28,56.28,3319.7,3319.7,3319.7,0.50144,0.50144,0.50144,-1.25,295.85,197.07,204.25,149.85,192.64,187.19,1
18.265,29.005,20.05,18.092,30.733,20.298,2.5942,1.8228,1.5898,0.54495,0.7036,0.48386,1.0106,0.069818,0.29698,0.49505,0.23412,1.18,3.1263,1.3646,13.364,22.277,10.535,0.56212,0.91817,-0.98195,0.45107,123,74,56.354,100,101.3,49.829,94,44.419,37,52,60.579,38,65.772,47.86,339.07,339.07,339.07,120.23,120.23,120.23,342.25,342.25,342.25,9.9978,9.9978,9.9978,11.917,12.705,99.956,99.956,99.956,92.297,92.297,92.297,4498,4498,4498,-0.13448,-0.13448,-0.13448,-1.2417,295.59,193.36,204.55,150.82,192.36,182.39,1
16.3,29.815,20.589,17.131,30.898,20.668,2.375,1.667,1.6099,0.5271,0.71034,0.49226,1.0102,0.066345,0.27783,0.50458,0.24232,1.0716,3.1597,1.4141,12.503,22.706,10.904,0.72507,1.0536,-1.1356,0.4593,44.658,48.421,87,58.998,124.43,75.282,67.029,52,34,58,98,51.369,54,56.037,210.75,210.75,210.75,103.84,103.84,103.84,290.25,290.25,290.25,7.6506,7.6506,7.6506,8.9153,9.9145,58.532,58.532,58.532,61.308,61.308,61.308,2633.9,2633.9,2633.9,-0.34557,-0.34557,-0.34557,-2.1528,295.75,195.93,207.05,151.29,193.99,173.7,1
19.472,28.592,19.572,19.517,29.944,19.56,2.4409,1.5395,1.4785,0.56997,0.69122,0.47016,1.0092,0.072559,0.32486,0.47778,0.22105,1.3439,2.9681,1.2681,14.619,21.5,9.9471,0.5332,0.78016,-0.89359,0.43467,26.079,45.112,72,92.9,173.99,53.977,51.503,54,35,27.618,52.458,37.89,63.204,41,310.93,310.93,310.93,132.46,132.46,132.46,304.88,304.88,304.88,9.8354,9.8354,9.8354,11.631,12.587,96.734,96.734,96.734,110.08,110.08,110.08,4353,4353,4353,0.43942,0.43942,0.43942,-1.2514,295.78,190.72,208.23,150.44,189.22,168.75,1
18.526,27.889,19.665,19.807,29.366,18.905,2.5405,1.896,1.4311,0.59309,0.68224,0.45882,1.0104,0.083666,0.35176,0.46545,0.21052,1.4248,2.8549,1.1862,15.829,20.945,9.4733,0.40348,0.60631,-0.66237,0.42011,40.97,68,47.162,79.242,102.81,66,68,42,52,38,54.972,69.567,58,41.277,295.94,295.94,295.94,102.18,102.18,102.18,252.19,252.19,252.19,7.2315,7.2315,7.2315,8.3499,9.4415,52.294,52.294,52.294,53.365,53.365,53.365,2353.2,2353.2,2353.2,-0.062772,-0.062772,-0.062772,-0.45972,296.07,190.24,209.97,150.82,187.94,164.09,1
19.401,28.853,18.931,19.764,29.637,19.203,2.4238,1.6138,1.4077,0.58891,0.6848,0.46549,1.0139,0.067996,0.34681,0.46895,0.21668,1.4154,2.9079,1.2235,15.607,21.103,9.7505,0.34558,0.65176,-0.7384,0.42673,41.398,38.806,84.507,90.891,84.415,41.088,50.255,46,59,83,84,65,54,37.863,262.06,262.06,262.06,83.531,83.531,83.531,218.5,218.5,218.5,6.4005,6.4005,6.4005,7.597,8.1651,40.967,40.967,40.967,42.453,42.453,42.453,1843.5,1843.5,1843.5,0.077593,0.077593,0.077593,-1.3056,297.23,190.37,212.62,150.72,188.94,162.43,1
19.821,28.903,18.748,20.586,28.908,18.797,2.4824,1.667,1.3457,0.60218,0.67097,0.45817,1.0089,0.070664,0.36262,0.4502,0.20992,1.5128,2.7669,1.1736,16.318,20.259,9.4462,0.27026,0.59978,-0.63336,0.41771,47.061,49.616,73.03,78.654,95.238,55.863,44.225,35,42,44,43.432,73,78,40,294.58,294.58,294.58,94.744,94.744,94.744,358.19,358.19,358.19,8.874,8.874,8.874,10.12,11.699,78.747,78.747,78.747,55.37,55.37,55.37,3543.6,3543.6,3543.6,-0.72995,-0.72995,-0.72995,-1.5319,297.09,190.14,216.01,150.7,187.12,160.98,1
18.128,30.14,20.479,18.437,30.736,20.47,2.3291,1.8315,1.5195,0.54532,0.70484,0.48586,1.0125,0.072394,0.29737,0.4968,0.23606,1.2067,3.1269,1.3875,13.382,22.356,10.623,0.65105,0.90446,-0.96084,0.45488,51,54,50.065,70,53.028,56,51,64,51,61,74,59.393,74.532,54,238.95,238.95,238.95,89.314,89.314,89.314,219.19,219.19,219.19,6.0659,6.0659,6.0659,7.6812,7.2494,36.796,36.796,36.796,49.054,49.054,49.054,1655.8,1655.8,1655.8,0.885,0.885,0.885,-0.50417,296.5,193.58,222.34,152.22,192.38,156.8,1
17.338,29.907,19.895,18.328,30.441,19.45,2.2324,1.897,1.1777,0.55539,0.70134,0.46579,1.0061,0.07157,0.30846,0.49188,0.21696,1.2256,3.0674,1.254,13.881,22.134,9.7632,0.48047,0.75024,-0.83221,0.43223,68,40,56,63.972,80.832,47.499,61.343,50,52,50,70.499,54.275,69,39,293.64,293.64,293.64,124.34,124.34,124.34,383.88,383.88,383.88,11.301,11.301,11.301,11.056,16.334,127.71,127.71,127.71,92.777,92.777,92.777,5746.8,5746.8,5746.8,-0.97411,-0.97411,-0.97411,-0.375,297.15,193.52,224,151.17,191.88,157.04,1
18.804,26.666,15.869,42.061,14.759,4.9932,0.36914,0.54785,0.45947,0.93472,0.32842,0.11196,0.997,0.0087037,0.8737,0.10786,0.012534,5.8604,0.72153,0.082558,39.316,4.8536,0.56404,0.12641,-0.52069,1.868,0.11096,69.854,64.767,66.998,110.32,83.127,38.285,39.468,43,23,43,35,46,60,41,237.97,237.97,237.97,87.197,87.197,87.197,109.75,109.75,109.75,4.4051,4.4051,4.4051,6.0044,4.7607,19.405,19.405,19.405,45.405,45.405,45.405,873.21,873.21,873.21,-0.27874,-0.27874,-0.27874,-0.44444,303.55,186.04,246.99,136.22,138.09,180.49,2
21.962,26.141,15.388,41.994,14.911,4.8999,0.42432,0.6665,0.53174,0.93326,0.33202,0.11045,0.99662,0.012694,0.87098,0.11024,0.012199,5.8418,0.73648,0.079486,39.194,4.9607,0.54895,0.074957,-0.42056,0.059863,0.10889,92.523,52,94,133.8,55.855,73,64.52,39,49,39,43,42,62,47,879.37,879.37,879.37,83.549,83.549,83.549,137.44,137.44,137.44,4.6041,4.6041,4.6041,6.4639,4.723,21.198,21.198,21.198,37.569,37.569,37.569,953.9,953.9,953.9,-0.15171,-0.15171,-0.15171,-0.043056,303.63,183.41,246.45,135.53,138.11,179.33,2
21.331,26.159,14.968,41.974,15.07,4.9165,0.65039,0.68603,0.66943,0.93287,0.33547,0.11136,0.99747,0.015304,0.87024,0.11254,0.012401,5.8364,0.75225,0.080008,39.161,5.0642,0.55804,0.46925,-1.3696,0.21995,0.10926,97.696,46.408,59,165,114.98,72.119,64,34,49.109,38,51,40,48,41,795.21,795.21,795.21,95.191,95.191,95.191,163.63,163.63,163.63,5.5431,5.5431,5.5431,7.3925,6.1953,30.726,30.726,30.726,45.413,45.413,45.413,1382.7,1382.7,1382.7,-1.0771,-1.0771,-1.0771,0.33472,306.74,182.3,252.2,135.33,138.48,179.51,2
20.228,26.838,14.871,42.038,15.081,4.4048,0.18652,0.24756,0.22412,0.93419,0.33529,0.09879,0.99742,0.006393,0.87272,0.11242,0.0097595,5.8541,0.75337,0.064247,39.272,5.0587,0.43918,-1.0823,-0.072368,1.1979,0.097884,157.3,64.759,106.11,241.83,105.45,126,72,39,98,41.862,15,18,109,51,853.95,853.95,853.95,96.375,96.375,96.375,37.625,37.625,37.625,3.2947,3.2947,3.2947,5.4463,1.7228,10.855,10.855,10.855,31.436,31.436,31.436,488.47,488.47,488.47,1.0417,1.0417,1.0417,-2.1417,305.28,186.04,256.57,134.6,138.46,182.3,2
18.569,26.858,16.19,42.078,0,4.1309,0,0,0,0.93506,0.3335,0.091797,0.99699,3.3683e-16,0.87433,0.11122,0.0084267,5.8652,0.74608,0.056528,39.345,5.0049,0.3792,1,-1,0,0.091797,144,73.668,84,165,120,94,82.978,0,0,90,0,0,0,0,798.29,798.29,798.29,0,0,0,0,0,0,3.0625,3.0625,3.0625,5.3044,4.4911e-15,9.3789,9.3789,9.3789,62.916,62.916,62.916,422.05,422.05,422.05,0,0,0,-3.0625,303.84,190.15,257.38,134.27,138.54,182.37,2
17.25,27.449,14.786,42.078,0,4.1309,0,0,0,0.93506,0.3335,0.091797,0.99699,3.3683e-16,0.87433,0.11122,0.0084267,5.8652,0.74608,0.056528,39.345,5.0049,0.3792,1,-1,0,0.091797,131.18,54.119,64,123.95,69.083,73,73.829,0,0,90,0,0,0,0,824.82,824.82,824.82,0,0,0,0,0,0,3.0625,3.0625,3.0625,5.3044,4.4911e-15,9.3789,9.3789,9.3789,62.916,62.916,62.916,422.05,422.05,422.05,0,0,0,-3.0625,307.34,192.78,255.45,134.27,138.54,182.37,2
18.067,27.842,13.6,42.078,0,4.1309,0,0,0,0.93506,0.3335,0.091797,0.99699,3.3683e-16,0.87433,0.11122,0.0084267,5.8652,0.74608,0.056528,39.345,5.0049,0.3792,1,-1,0,0.091797,186,100,159,163.62,124.07,94,142,0,0,90,0,0,0,0,1012.5,1012.5,1012.5,0,0,0,0,0,0,3.0625,3.0625,3.0625,5.3044,4.4911e-15,9.3789,9.3789,9.3789,62.916,62.916,62.916,422.05,422.05,422.05,0,0,0,-3.0625,309.77,198.68,264.15,134.27,138.54,182.37,2
17.999,26.871,13.374,42.078,0,4.1309,0,0,0,0.93506,0.3335,0.091797,0.99699,3.3683e-16,0.87433,0.11122,0.0084267,5.8652,0.74608,0.056528,39.345,5.0049,0.3792,1,-1,0,0.091797,202.91,113.24,119,175,161.43,94.508,74.625,0,0,90,0,0,0,0,939.95,939.95,939.95,0,0,0,0,0,0,3.0625,3.0625,3.0625,5.3044,4.4911e-15,9.3789,9.3789,9.3789,62.916,62.916,62.916,422.05,422.05,422.05,0,0,0,-3.0625,308.73,192.94,260.23,134.27,138.54,182.37,2
18.097,26.776,14.544,42.078,0,4.1309,0,0,0,0.93506,0.3335,0.091797,0.99699,3.3683e-16,0.87433,0.11122,0.0084267,5.8652,0.74608,0.056528,39.345,5.0049,0.3792,1,-1,0,0.091797,97.929,61.81,69.936,113.8,75.076,69.145,93.894,0,0,90,0,0,0,0,696.56,696.56,696.56,0,0,0,0,0,0,3.0625,3.0625,3.0625,5.3044,4.4911e-15,9.3789,9.3789,9.3789,62.916,62.916,62.916,422.05,422.05,422.05,0,0,0,-3.0625,306.97,194.25,260.74,134.27,138.54,182.37,2
18.896,27.297,13.823,42.078,0,4.1309,0,0,0,0.93506,0.3335,0.091797,0.99699,3.3683e-16,0.87433,0.11122,0.0084267,5.8652,0.74608,0.056528,39.345,5.0049,0.3792,1,-1,0,0.091797,229.47,100,137,135,107.86,48.703,54.392,0,0,90,0,0,0,0,1042.2,1042.2,1042.2,0,0,0,0,0,0,3.0625,3.0625,3.0625,5.3044,4.4911e-15,9.3789,9.3789,9.3789,62.916,62.916,62.916,422.05,422.05,422.05,0,0,0,-3.0625,308.82,195.92,262.56,134.27,138.54,182.37,2
18.443,28.636,13.143,42.078,0,4.1309,0,0,0,0.93506,0.3335,0.091797,0.99699,3.3683e-16,0.87433,0.11122,0.0084267,5.8652,0.74608,0.056528,39.345,5.0049,0.3792,1,-1,0,0.091797,135.59,67.712,85.841,168.88,77.213,35.895,151,0,0,90,0,0,0,0,936.03,936.03,936.03,0,0,0,0,0,0,3.0625,3.0625,3.0625,5.3044,4.4911e-15,9.3789,9.3789,9.3789,62.916,62.916,62.916,422.05,422.05,422.05,0,0,0,-3.0625,312.03,200.43,269.42,134.27,138.54,182.37,2
19.127,27.611,13.755,42.078,0,4.1309,0,0,0,0.93506,0.3335,0.091797,0.99699,3.3683e-16,0.87433,0.11122,0.0084267,5.8652,0.74608,0.056528,39.345,5.0049,0.3792,1,-1,0,0.091797,146.25,76.729,95.925,156.03,67.233,64.158,119.41,0,0,90,0,0,0,0,837.69,837.69,837.69,0,0,0,0,0,0,3.0625,3.0625,3.0625,5.3044,4.4911e-15,9.3789,9.3789,9.3789,62.916,62.916,62.916,422.05,422.05,422.05,0,0,0,-3.0625,311.33,200.26,266.39,134.27,138.54,182.37,2
19.158,28.779,13.033,42.078,0,4.1309,0,0,0,0.93506,0.3335,0.091797,0.99699,3.3683e-16,0.87433,0.11122,0.0084267,5.8652,0.74608,0.056528,39.345,5.0049,0.3792,1,-1,0,0.091797,185,67.916,75,163.78,157.3,106.2,166.7,0,0,90,0,0,0,0,915.47,915.47,915.47,0,0,0,0,0,0,3.0625,3.0625,3.0625,5.3044,4.4911e-15,9.3789,9.3789,9.3789,62.916,62.916,62.916,422.05,422.05,422.05,0,0,0,-3.0625,312.17,200.49,270.1,134.27,138.54,182.37,2
18.422,29.235,14.604,42.078,0,4.1309,0,0,0,0.93506,0.3335,0.091797,0.99699,3.3683e-16,0.87433,0.11122,0.0084267,5.8652,0.74608,0.056528,39.345,5.0049,0.3792,1,-1,0,0.091797,109.25,47.704,70,137.18,90,42,60.127,0,0,90,0,0,0,0,855.37,855.37,855.37,0,0,0,0,0,0,3.0625,3.0625,3.0625,5.3044,4.4911e-15,9.3789,9.3789,9.3789,62.916,62.916,62.916,422.05,422.05,422.05,0,0,0,-3.0625,310.91,204.07,268.88,134.27,138.54,182.37,2
18.339,27.441,14.117,42.078,0,4.1309,0,0,0,0.93506,0.3335,0.091797,0.99699,3.3683e-16,0.87433,0.11122,0.0084267,5.8652,0.74608,0.056528,39.345,5.0049,0.3792,1,-1,0,0.091797,119.65,65.949,90.708,191.41,82.859,64,59,0,0,90,0,0,0,0,733.56,733.56,733.56,0,0,0,0,0,0,3.0625,3.0625,3.0625,5.3044,4.4911e-15,9.3789,9.3789,9.3789,62.916,62.916,62.916,422.05,422.05,422.05,0,0,0,-3.0625,308.33,195.36,264.97,134.27,138.54,182.37,2
18.518,28.686,16.53,42.078,0,4.1309,0,0,0,0.93506,0.3335,0.091797,0.99699,3.3683e-16,0.87433,0.11122,0.0084267,5.8652,0.74608,0.056528,39.345,5.0049,0.3792,1,-1,0,0.091797,88.659,36.198,84.329,142.39,176.46,55.111,39.682,0,0,90,0,0,0,0,857.81,857.81,857.81,0,0,0,0,0,0,3.0625,3.0625,3.0625,5.3044,4.4911e-15,9.3789,9.3789,9.3789,62.916,62.916,62.916,422.05,422.05,422.05,0,0,0,-3.0625,306.5,204.37,270.31,134.27,138.54,182.37,2
17.558,30.104,16.311,42.078,0,4.1309,0,0,0,0.93506,0.3335,0.091797,0.99699,3.3683e-16,0.87433,0.11122,0.0084267,5.8652,0.74608,0.056528,39.345,5.0049,0.3792,1,-1,0,0.091797,131.4,54.784,61.075,121.66,71.127,54.524,59.536,0,0,90,0,0,0,0,800.75,800.75,800.75,0,0,0,0,0,0,3.0625,3.0625,3.0625,5.3044,4.4911e-15,9.3789,9.3789,9.3789,62.916,62.916,62.916,422.05,422.05,422.05,0,0,0,-3.0625,307.05,206.93,274.15,134.27,138.54,182.37,2
14.2,32.096,16.472,42.078,0,4.1309,0,0,0,0.93506,0.3335,0.091797,0.99699,5.6138e-16,0.87434,0.11122,0.0084267,5.8652,0.74608,0.056528,39.345,5.0049,0.3792,-1,1,1,0.091797,212.32,89.725,95.779,298.93,134.86,72,65.939,0,0,90,0,0,0,0,446.45,446.45,446.45,0,0,0,0,0,0,3.0625,3.0625,3.0625,5.3044,4.4911e-15,9.3789,9.3789,9.3789,62.916,62.916,62.916,422.05,422.05,422.05,0,0,0,-3.0625,305.63,218.37,279.99,134.27,138.54,182.37,2
17.522,29.639,15.394,42.078,0,4.1309,0,0,0,0.93506,0.3335,0.091797,0.99699,3.3683e-16,0.87433,0.11122,0.0084267,5.8652,0.74608,0.056528,39.345,5.0049,0.3792,1,-1,0,0.091797,96,59.403,53,232,76.311,108,48,0,0,90,0,0,0,0,787.19,787.19,787.19,0,0,0,0,0,0,3.0625,3.0625,3.0625,5.3044,4.4911e-15,9.3789,9.3789,9.3789,62.916,62.916,62.916,422.05,422.05,422.05,0,0,0,-3.0625,308.82,201.49,277.67,134.27,138.54,182.37,2
17.409,30.478,15.456,42.078,0,4.1309,0,0,0,0.93506,0.3335,0.091797,0.99699,3.3683e-16,0.87433,0.11122,0.0084267,5.8652,0.74608,0.056528,39.345,5.0049,0.3792,1,-1,0,0.091797,113.36,84.739,96.787,143.3,117.81,50,57.072,0,0,90,0,0,0,0,768.31,768.31,768.31,0,0,0,0,0,0,3.0625,3.0625,3.0625,5.3044,4.4911e-15,9.3789,9.3789,9.3789,62.916,62.916,62.916,422.05,422.05,422.05,0,0,0,-3.0625,307.91,202.73,281.93,134.27,138.54,182.37,2
33.042,22.665,11.581,42.078,0,4.1309,0,0,0,0.93506,0.3335,0.091797,0.99699,5.6138e-16,0.87434,0.11122,0.0084267,5.8652,0.74608,0.056528,39.345,5.0049,0.3792,-1,1,1,0.091797,102.64,156.51,105.16,109.31,126.6,122.43,159,0,0,90,0,0,0,0,308.47,308.47,308.47,0,0,0,0,0,0,3.0625,3.0625,3.0625,5.3044,4.4911e-15,9.3789,9.3789,9.3789,62.916,62.916,62.916,422.05,422.05,422.05,0,0,0,-3.0625,303.13,160.31,259.41,134.27,138.54,182.37,3
31.015,22.481,12.237,35.907,24.509,10.052,4.9644,3.9126,2.3389,0.82453,0.5786,0.2581,1.0334,0.11636,0.67984,0.33478,0.066617,4.265,1.9874,0.33409,30.593,15.065,2.9977,-1.2654,-0.32974,1.0499,0.22338,77.072,86.99,70.6,77.118,155.51,135.78,145,340.61,80.569,92.421,89.305,106,95,76.984,237.63,237.63,237.63,271.73,271.73,271.73,795.38,795.38,795.38,27.055,27.055,27.055,27.937,38.048,731.97,731.97,731.97,537.48,537.48,537.48,32939,32939,32939,-0.30507,-0.30507,-0.30507,-1.0792,303.01,162.08,261.65,137.98,159.12,279.57,3
33.183,23.498,11.483,33.495,24.48,9.1104,5.1963,2.5615,2.7578,0.80826,0.57442,0.22608,1.0119,0.10296,0.65329,0.32995,0.051111,3.7061,1.9838,0.27376,29.398,14.848,2.3,-1.7185,-0.40684,0.20477,0.20245,88,90.008,64.88,84.101,219.59,125.01,147.63,323.7,161.93,190.06,110.13,50.838,77.685,78.276,218.33,218.33,218.33,293.21,293.21,293.21,839.5,839.5,839.5,24.989,24.989,24.989,27.164,34.077,624.44,624.44,624.44,446.8,446.8,446.8,28100,28100,28100,0.75848,0.75848,0.75848,-1.4056,305.03,162.49,264.38,137.84,160.47,275.56,3
31.623,23.542,11.741,32.603,24.898,8.7983,6.936,3.0493,3.2568,0.8062,0.59525,0.24901,1.0271,0.10817,0.64995,0.35433,0.062007,3.5112,2.0551,0.2544,29.248,15.945,2.7903,-1.735,-0.60647,0.84198,0.19552,157.43,89.352,64.392,109.69,289.23,156.26,204.37,388.37,167.04,133.35,87.966,86,68,154.28,222.74,222.74,222.74,415.84,415.84,415.84,440.94,440.94,440.94,19.958,19.958,19.958,22.238,26.766,398.33,398.33,398.33,892.55,892.55,892.55,17925,17925,17925,0.017394,0.017394,0.017394,1.7472,305.39,163.66,263.48,135.81,161.62,278.98,3
33.91,21.506,11.093,34.153,22.953,8.5811,4.2305,2.2261,2.0981,0.82,0.54557,0.21651,1.0047,0.087642,0.6724,0.29765,0.046876,3.8548,1.745,0.24385,30.258,13.394,2.1094,-1.5849,-0.53754,0.37549,0.19069,136.09,115.87,49.188,77.17,147.13,150.74,200,389.78,156.08,166.41,72.959,64.034,74,137.88,208.44,208.44,208.44,271.77,271.77,271.77,570.19,570.19,570.19,18.596,18.596,18.596,18.952,26.339,345.83,345.83,345.83,419.73,419.73,419.73,15562,15562,15562,-1.3821,-1.3821,-1.3821,-1.4722,304.56,158.03,260.18,136.34,157.51,282.07,3
29.428,24.66,13.184,30.52,26.245,10.107,5.6709,2.4517,2.6514,0.75861,0.62689,0.25754,1.0127,0.097197,0.57548,0.39298,0.066325,3.0835,2.2845,0.33887,25.897,17.684,2.9846,-1.3668,-0.15616,0.18677,0.22461,143.14,127,121,142,178.17,180.2,193.13,419.92,180.77,76.241,92,98,66,110.4,253.01,253.01,253.01,366.99,366.99,366.99,431.31,431.31,431.31,18.841,18.841,18.841,19.029,26.812,354.99,354.99,354.99,633.87,633.87,633.87,15975,15975,15975,-0.65257,-0.65257,-0.65257,0.88056,303.63,167.77,264.25,136.48,165.57,278.89,3
32.704,23.337,12.003,31.366,24.743,9.4404,5.6543,2.7105,2.0928,0.7814,0.59949,0.24596,1.0101,0.10157,0.61059,0.35939,0.060494,3.2565,2.0325,0.29753,27.477,16.172,2.7222,-1.7484,-0.40834,0.7241,0.20979,121.84,141.55,62,111.77,175.92,124.83,280.58,356.77,156.87,80.707,82.618,64.301,63.683,169.75,271.78,271.78,271.78,393.54,393.54,393.54,460.13,460.13,460.13,20.841,20.841,20.841,22.979,28.155,434.36,434.36,434.36,812.51,812.51,812.51,19546,19546,19546,-1.2936,-1.2936,-1.2936,0.38333,306.75,162.55,259.99,136.23,163.24,282.37,3
31.907,23.689,13.471,30.944,25.567,10.109,6.2622,2.8823,4.604,0.76877,0.6149,0.27941,1.0186,0.099783,0.59101,0.37811,0.078071,3.1686,2.1689,0.33862,26.596,17.015,3.5132,-1.2086,-0.18667,0.87644,0.22464,107.72,99.165,62,120,146.74,113.18,121.38,366.04,158.22,109.18,124.99,44.064,85.39,134.56,284.4,284.4,284.4,340.62,340.62,340.62,421.75,421.75,421.75,21.355,21.355,21.355,20.691,31.006,456.03,456.03,456.03,602.62,602.62,602.62,20521,20521,20521,-1.6731,-1.6731,-1.6731,1.2764,306.56,164.8,260.9,136.67,164.08,284.27,3
30.379,23.239,12.589,31.758,25.167,9.5786,6.4937,2.9033,4.4189,0.80103,0.6111,0.27528,1.0305,0.17207,0.64166,0.37345,0.075779,3.3324,2.1035,0.30529,28.875,16.805,3.41,-1.1714,-0.32332,1.3808,0.21286,152.24,65.137,63.807,69.449,168.4,98.258,160.34,359.7,144.04,144.52,68.395,81,77.208,164.66,327.97,327.97,327.97,388.37,388.37,388.37,444.44,444.44,444.44,20.488,20.488,20.488,20.717,29.136,419.74,419.74,419.74,770.96,770.96,770.96,18888,18888,18888,-1.6172,-1.6172,-1.6172,-1.1472,305.64,165.35,262.69,135.98,162.75,281.79,3
33.208,22.502,11.907,30.922,24.254,9.1958,5.6768,2.7188,3.6685,0.78378,0.58951,0.2536,1.009,0.091149,0.61431,0.34752,0.064312,3.1737,1.9537,0.27981,27.644,15.638,2.894,-1.4074,-0.46252,0.92054,0.20435,116.3,184.59,69,91.216,139.73,95.052,166.94,322.54,171.62,96.23,75.061,54.519,59.549,160.77,230.5,230.5,230.5,380.88,380.88,380.88,475.13,475.13,475.13,22.097,22.097,22.097,24.638,29.618,488.26,488.26,488.26,817.13,817.13,817.13,21972,21972,21972,-1.0282,-1.0282,-1.0282,0.55833,306.57,161.19,261.73,138.61,163.11,280.76,3
29.613,24.069,12.696,31.748,25.527,10.422,5.2954,2.4858,3.2979,0.77137,0.61346,0.27507,1.0186,0.098599,0.59501,0.37633,0.075665,3.3341,2.1627,0.36249,26.775,16.935,3.4049,-1.0707,-0.16392,0.98525,0.2316,89.453,119.01,70.624,96.789,262.35,106.56,279.19,347.83,183.9,124.94,113,60.554,89.962,169.66,277.79,277.79,277.79,263.5,263.5,263.5,473.5,473.5,473.5,17.6,17.6,17.6,19.007,24.101,309.74,309.74,309.74,388.93,388.93,388.93,13938,13938,13938,-0.19626,-0.19626,-0.19626,1.6875,304.8,167.24,263.47,138.13,165.15,281.36,3
29.435,24.05,13.386,30.751,26.307,11.178,7.5898,3.4629,2.9131,0.76507,0.63819,0.29436,1.035,0.090423,0.58534,0.40729,0.086647,3.1315,2.298,0.41732,26.34,18.328,3.8991,-1.1597,-0.41521,0.46274,0.2484,171.71,106.64,60.99,69.495,260.1,154.66,204.22,356.67,169,95.513,96.466,43.801,80.969,205.33,372.26,372.26,372.26,333.41,333.41,333.41,596,596,596,23.966,23.966,23.966,23.529,34.583,574.35,574.35,574.35,727.8,727.8,727.8,25846,25846,25846,-1.1625,-1.1625,-1.1625,0.92361,304.89,167.72,264.84,137.74,168.77,281.56,3
29.793,23.74,12.806,28.931,26.301,9.9443,6.1978,2.6934,5.3247,0.75012,0.64043,0.29083,1.0199,0.13276,0.56268,0.41016,0.084582,2.7919,2.2983,0.32525,25.321,18.457,3.8062,-1.003,-0.3609,1.3755,0.22099,94.87,103.28,48.371,55.896,175.17,102.05,159.78,552.4,181.2,118.01,100.17,73.224,70.658,150.19,274.38,274.38,274.38,350.95,350.95,350.95,426.44,426.44,426.44,20.491,20.491,20.491,20.058,29.612,419.9,419.9,419.9,669.36,669.36,669.36,18895,18895,18895,-1.3736,-1.3736,-1.3736,0.83611,304.93,166.73,265.48,138.21,168.31,279.21,3
30.649,23.484,12.039,30.343,25.785,10.958,6.4092,2.9736,3.9272,0.79617,0.62551,0.30736,1.0416,0.18828,0.63389,0.39126,0.094471,3.0475,2.2071,0.39872,28.525,17.607,4.2512,-1.1338,-0.35034,1.8731,0.2435,80.943,78.644,45.528,67.772,148.05,118.57,211.83,354.94,147,86.823,73.431,50.243,101,135.2,214.09,214.09,214.09,311.61,311.61,311.61,509.88,509.88,509.88,20.844,20.844,20.844,21.393,29.41,434.46,434.46,434.46,590.06,590.06,590.06,19551,19551,19551,-0.86194,-0.86194,-0.86194,-0.45972,306.43,164.04,263.02,139.95,166.49,278.74,3
31.379,23.205,12.055,30.462,25.167,9.0591,5.8003,3.0933,3.6885,0.77448,0.61468,0.25815,1.019,0.077394,0.59983,0.37783,0.066641,3.0828,2.1051,0.27148,26.992,17.002,2.9989,-1.328,-0.44237,1.0556,0.20131,133.55,99.013,84,71.936,239.69,107.29,266.84,412.54,165.52,150.5,128.59,55.892,58.004,108.18,187.5,187.5,187.5,287.28,287.28,287.28,424.38,424.38,424.38,18.323,18.323,18.323,20.142,24.802,335.73,335.73,335.73,500.9,500.9,500.9,15108,15108,15108,-0.54037,-0.54037,-0.54037,0.47361,306.55,163.47,261.79,135.94,164.96,281.64,3
31.665,22.622,12.854,33.46,24.829,10.531,3.8115,2.6968,2.6338,0.79124,0.60358,0.29574,1.0324,0.11081,0.62606,0.36431,0.087463,3.7034,2.0466,0.37346,28.173,16.394,3.9358,-0.74511,-0.40741,1.3912,0.23402,142.67,74.919,62.996,68.898,98.104,226.39,181.61,334.04,153.67,118,78,65.046,65.886,117.12,171.9,171.9,171.9,256.26,256.26,256.26,408.88,408.88,408.88,16.296,16.296,16.296,17.619,22.3,265.56,265.56,265.56,429.38,429.38,429.38,11950,11950,11950,-0.040992,-0.040992,-0.040992,-0.20556,303.45,163.71,265.94,137.66,162.51,280.63,3
25.626,24.336,10.187,30.829,26.183,10.25,6.29,3.4482,4.9321,0.76114,0.63544,0.30012,1.0288,0.12256,0.57934,0.40379,0.090073,3.1471,2.2752,0.34828,26.07,18.17,4.0533,-1.0811,-0.46036,1.1203,0.22777,189.99,90.152,60.442,117.89,180,126.68,188.41,733,215.47,130.85,133.59,68.42,65.335,147.38,163.37,163.37,163.37,286.06,286.06,286.06,430,430,430,18.147,18.147,18.147,19.863,24.634,329.3,329.3,329.3,468.5,468.5,468.5,14818,14818,14818,-0.53025,-0.53025,-0.53025,0.87083,305.96,171.18,266.03,138,166.85,279.16,3
29.127,24.23,13.86,29.99,26.38,9.7861,5.0688,3.0674,3.064,0.7612,0.63612,0.2782,1.0259,0.095737,0.57942,0.40465,0.077397,2.9851,2.3094,0.31588,26.074,18.209,3.4829,-1.3026,-0.11838,0.84512,0.21747,84.95,158.82,108,84.537,104.91,146.43,178.2,385.35,204.2,136,166,76,104.57,98.913,225.97,225.97,225.97,362.58,362.58,362.58,600.13,600.13,600.13,27.452,27.452,27.452,26.308,40.054,753.6,753.6,753.6,836.31,836.31,836.31,33912,33912,33912,-0.37862,-0.37862,-0.37862,1.0194,302.91,167.13,268.85,137.11,167.01,281.3,3
31.015,23.875,11.22,29.117,25.692,9.1167,4.9024,3.6895,3.3623,0.75495,0.62495,0.24268,1.0047,0.10153,0.56995,0.39056,0.058895,2.8288,2.1915,0.27429,25.648,17.575,2.6503,-1.1918,-0.52295,0.11583,0.20259,136.64,127.69,80,58.603,218.02,164.88,196.46,268.26,242.32,107.39,97.297,40.568,90,82.881,221.19,221.19,221.19,380.91,380.91,380.91,716.25,716.25,716.25,26.851,26.851,26.851,25.875,39.081,720.95,720.95,720.95,762.48,762.48,762.48,32443,32443,32443,-0.28119,-0.28119,-0.28119,0.31111,306.99,164.82,266.35,137.8,165.04,279.79,3
31.741,24.503,12.914,30.379,25.577,9.5996,4.6309,3.1108,3.2192,0.78056,0.61727,0.25236,1.0235,0.080635,0.60928,0.38102,0.063688,3.0582,2.1705,0.30491,27.417,17.146,2.866,-1.7412,-0.33206,0.96667,0.21332,107.1,110.84,58.857,90.122,104.36,184.31,225.49,325.56,136.21,111.1,83.498,50.641,64.12,126.94,295.6,295.6,295.6,362.74,362.74,362.74,476.69,476.69,476.69,21.747,21.747,21.747,21.706,31.132,472.94,472.94,472.94,759.45,759.45,759.45,21282,21282,21282,-1.4686,-1.4686,-1.4686,-0.96528,306.01,165.35,269.2,137.63,166.74,276.79,3
21.639,24.541,13.485,42.129,14.639,4.52,0.56836,0.81885,0.53711,0.93629,0.32595,0.10129,0.9965,0.011481,0.87665,0.10624,0.010259,5.8796,0.70982,0.067654,39.449,4.781,0.46166,-0.7167,-1.3925,0.052072,0.10044,207.76,55.008,74.723,174.29,74.435,92.791,105,55,68,34,58,47,50,42,943.87,943.87,943.87,109.34,109.34,109.34,119.56,119.56,119.56,5.2466,5.2466,5.2466,7.7942,4.7251,27.527,27.527,27.527,58.632,58.632,58.632,1238.7,1238.7,1238.7,0.34054,0.34054,0.34054,-0.41111,306.6,183.52,297.76,134.01,137.4,289.26,4
18.517,27.515,15.684,42.157,14.637,4.3687,0.42285,0.69824,0.48096,0.93688,0.32576,0.097968,0.99668,0.0096888,0.87774,0.10612,0.0095978,5.8874,0.70969,0.063197,39.498,4.7754,0.4319,-0.033847,-0.3081,0.35267,0.097081,148.41,51.837,83,282,106,50.289,78.535,51,78,57,43,47,50,36,750.21,750.21,750.21,100.08,100.08,100.08,122.19,122.19,122.19,5.0963,5.0963,5.0963,6.0501,6.5002,25.972,25.972,25.972,54.788,54.788,54.788,1168.8,1168.8,1168.8,-0.26295,-0.26295,-0.26295,-0.0013889,304.73,198.5,305.92,133.51,137.33,288.23,4
19.085,28.944,15.263,41.942,14.687,4.2183,0.15479,0.1377,0.19092,0.93208,0.32649,0.094456,0.99209,0.0072059,0.86877,0.10659,0.008922,5.8274,0.71456,0.058925,39.095,4.7967,0.40149,1.119,2.3827,1.3142,0.093739,175.07,78.032,90.748,158.26,76.099,56.132,73.712,44,9.6535,18,45,48,22.804,37,739.58,739.58,739.58,266.13,266.13,266.13,39.313,39.313,39.313,8.5668,8.5668,8.5668,13.472,6.2901,73.389,73.389,73.389,252.85,252.85,252.85,3302.5,3302.5,3302.5,-1.4884,-1.4884,-1.4884,5.9139,306.03,207.2,315.62,132.34,137.04,287.9,4
18.774,26.795,14.157,41.77,0,4.1089,0,0,0,0.92822,0.32959,0.091309,0.98922,1.0105e-15,0.8616,0.10863,0.0083373,5.7798,0.72871,0.055928,38.772,4.8883,0.37518,1,1,-1,0.091309,121.38,64.647,101.21,197.03,62.112,60.136,58.275,0,0,0,0,0,45,0,893.63,893.63,893.63,433.13,433.13,433.13,0,0,0,9.625,9.625,9.625,16.671,0,92.641,92.641,92.641,621.45,621.45,621.45,4168.8,4168.8,4168.8,0,0,0,9.625,307.08,196.31,306.77,131.54,137.04,288.38,4
19.08,28.019,14.42,41.77,0,4.1089,0,0,0,0.92822,0.32959,0.091309,0.98922,1.0105e-15,0.8616,0.10863,0.0083373,5.7798,0.72871,0.055928,38.772,4.8883,0.37518,1,1,-1,0.091309,225,65.857,53.658,176.86,105.22,60.974,63.271,0,0,0,0,0,45,0,571.51,571.51,571.51,433.13,433.13,433.13,0,0,0,9.625,9.625,9.625,16.671,0,92.641,92.641,92.641,621.45,621.45,621.45,4168.8,4168.8,4168.8,0,0,0,9.625,307.18,204.48,312.47,131.54,137.04,288.38,4
18.299,25.742,14.256,41.77,0,4.1089,0,0,0,0.92822,0.32959,0.091309,0.98922,1.0105e-15,0.8616,0.10863,0.0083373,5.7798,0.72871,0.055928,38.772,4.8883,0.37518,1,1,-1,0.091309,99.463,55.686,116,143.63,80.745,60.544,79.084,0,0,0,0,0,45,0,879.87,879.87,879.87,433.13,433.13,433.13,0,0,0,9.625,9.625,9.625,16.671,0,92.641,92.641,92.641,621.45,621.45,621.45,4168.8,4168.8,4168.8,0,0,0,9.625,306.19,192.35,303.43,131.54,137.04,288.38,4
18.378,26.646,14.057,41.77,0,4.1089,0,0,0,0.92822,0.32959,0.091309,0.98922,1.0105e-15,0.8616,0.10863,0.0083373,5.7798,0.72871,0.055928,38.772,4.8883,0.37518,1,1,-1,0.091309,185.76,70.919,90.813,115.59,85.473,105,94.286,0,0,0,0,0,45,0,982.54,982.54,982.54,433.13,433.13,433.13,0,0,0,9.625,9.625,9.625,16.671,0,92.641,92.641,92.641,621.45,621.45,621.45,4168.8,4168.8,4168.8,0,0,0,9.625,306.91,194.58,306.95,131.54,137.04,288.38,4
18.771,27.613,14.483,41.77,0,4.1089,0,0,0,0.92822,0.32959,0.091309,0.98922,1.0105e-15,0.8616,0.10863,0.0083373,5.7798,0.72871,0.055928,38.772,4.8883,0.37518,1,1,-1,0.091309,258.01,92.996,112.87,207.22,74.179,40.873,79.596,0,0,0,0,0,45,0,753.63,753.63,753.63,433.13,433.13,433.13,0,0,0,9.625,9.625,9.625,16.671,0,92.641,92.641,92.641,621.45,621.45,621.45,4168.8,4168.8,4168.8,0,0,0,9.625,306.85,201.63,312.37,131.54,137.04,288.38,4
18.47,26.436,13.699,41.77,0,4.1089,0,0,0,0.92822,0.32959,0.091309,0.98922,1.0105e-15,0.8616,0.10863,0.0083373,5.7798,0.72871,0.055928,38.772,4.8883,0.37518,1,1,-1,0.091309,215.74,74.411,95.666,161.83,82.277,85,67,0,0,0,0,0,45,0,703.4,703.4,703.4,433.13,433.13,433.13,0,0,0,9.625,9.625,9.625,16.671,0,92.641,92.641,92.641,621.45,621.45,621.45,4168.8,4168.8,4168.8,0,0,0,9.625,305.95,194.41,305.8,131.54,137.04,288.38,4
18.891,28.959,13.492,41.77,0,4.1089,0,0,0,0.92822,0.32959,0.091309,0.98922,1.0105e-15,0.8616,0.10863,0.0083373,5.7798,0.72871,0.055928,38.772,4.8883,0.37518,1,1,-1,0.091309,210.42,96,94.327,173,69,59.746,82.325,0,0,0,0,0,45,0,952.15,952.15,952.15,433.13,433.13,433.13,0,0,0,9.625,9.625,9.625,16.671,0,92.641,92.641,92.641,621.45,621.45,621.45,4168.8,4168.8,4168.8,0,0,0,9.625,309.1,202.57,316.28,131.54,137.04,288.38,4
18.832,27.236,13.869,41.77,0,4.1089,0,0,0,0.92822,0.32959,0.091309,0.98922,1.0105e-15,0.8616,0.10863,0.0083373,5.7798,0.72871,0.055928,38.772,4.8883,0.37518,1,1,-1,0.091309,161.23,92.826,93.215,163.87,110.53,96,73.966,0,0,0,0,0,45,0,971.56,971.56,971.56,433.13,433.13,433.13,0,0,0,9.625,9.625,9.625,16.671,0,92.641,92.641,92.641,621.45,621.45,621.45,4168.8,4168.8,4168.8,0,0,0,9.625,307.51,197.24,310.46,131.54,137.04,288.38,4
18.948,27.286,12.998,41.77,0,4.1089,0,0,0,0.92822,0.32959,0.091309,0.98922,1.0105e-15,0.8616,0.10863,0.0083373,5.7798,0.72871,0.055928,38.772,4.8883,0.37518,1,1,-1,0.091309,155.11,83,67,112.81,56.319,53.388,63.133,0,0,0,0,0,45,0,959.28,959.28,959.28,433.13,433.13,433.13,0,0,0,9.625,9.625,9.625,16.671,0,92.641,92.641,92.641,621.45,621.45,621.45,4168.8,4168.8,4168.8,0,0,0,9.625,308.69,196.17,307.77,131.54,137.04,288.38,4
18.636,27.739,13.736,41.77,0,4.1089,0,0,0,0.92822,0.32959,0.091309,0.98922,1.0105e-15,0.8616,0.10863,0.0083373,5.7798,0.72871,0.055928,38.772,4.8883,0.37518,1,1,-1,0.091309,135.53,49.929,93.827,86.257,61.184,74.117,84.505,0,0,0,0,0,45,0,882.32,882.32,882.32,433.13,433.13,433.13,0,0,0,9.625,9.625,9.625,16.671,0,92.641,92.641,92.641,621.45,621.45,621.45,4168.8,4168.8,4168.8,0,0,0,9.625,308.1,199.24,309.34,131.54,137.04,288.38,4
18.137,28.392,13.85,41.77,0,4.1089,0,0,0,0.92822,0.32959,0.091309,0.98922,1.0105e-15,0.8616,0.10863,0.0083373,5.7798,0.72871,0.055928,38.772,4.8883,0.37518,1,1,-1,0.091309,187.88,88.55,78.617,113.76,52,49.372,71.912,0,0,0,0,0,45,0,837.13,837.13,837.13,433.13,433.13,433.13,0,0,0,9.625,9.625,9.625,16.671,0,92.641,92.641,92.641,621.45,621.45,621.45,4168.8,4168.8,4168.8,0,0,0,9.625,307.6,197.99,307.44,131.54,137.04,288.38,4
18.315,27.795,13.445,40.842,14.502,4.0176,0.92822,0.32959,0.091309,0.91785,0.32591,0.090288,0.96724,0.14746,0.84245,0.10622,0.008152,5.5229,0.69632,0.053442,37.91,4.7797,0.36684,-6.4825,6.4825,-6.4825,0.08928,187.09,86.811,88.89,136.26,52.856,79,67.981,44,0,0,44,44,44,44,663.2,663.2,663.2,423.5,423.5,423.5,9.625,9.625,9.625,9.5175,9.5175,9.5175,16.301,2.4852,90.582,90.582,90.582,593.83,593.83,593.83,4076.2,4076.2,4076.2,-6.4825,-6.4825,-6.4825,9.4111,300.85,196.49,298.46,128.62,134,281.98,4
18.46,27.368,13.656,41.77,0,4.1089,0,0,0,0.92822,0.32959,0.091309,0.98922,1.0105e-15,0.8616,0.10863,0.0083373,5.7798,0.72871,0.055928,38.772,4.8883,0.37518,1,1,-1,0.091309,132,98,87.291,144,65.815,76.16,96.451,0,0,0,0,0,45,0,861.67,861.67,861.67,433.13,433.13,433.13,0,0,0,9.625,9.625,9.625,16.671,0,92.641,92.641,92.641,621.45,621.45,621.45,4168.8,4168.8,4168.8,0,0,0,9.625,307.06,197.34,306.33,131.54,137.04,288.38,4
19.086,28.227,14.406,41.77,0,4.1089,0,0,0,0.92822,0.32959,0.091309,0.98922,1.0105e-15,0.8616,0.10863,0.0083373,5.7798,0.72871,0.055928,38.772,4.8883,0.37518,1,1,-1,0.091309,190.53,74.558,83.694,119.76,108.79,92.356,79.423,0,0,0,0,0,45,0,688.98,688.98,688.98,433.13,433.13,433.13,0,0,0,9.625,9.625,9.625,16.671,0,92.641,92.641,92.641,621.45,621.45,621.45,4168.8,4168.8,4168.8,0,0,0,9.625,306.65,204.8,308.11,131.54,137.04,288.38,4
28.733,21.448,10.88,41.77,0,4.1089,0,0,0,0.92822,0.32959,0.091309,0.98922,4.4911e-16,0.8616,0.10863,0.0083373,5.7798,0.72871,0.055928,38.772,4.8883,0.37518,-1,-1,-1,0.091309,83.753,50.448,120.11,79.251,63,56.318,38.752,0,0,0,0,0,45,0,883.5,883.5,875.69,433.13,433.13,433.13,0,0,0,9.625,9.625,9.625,16.671,0,92.641,92.641,92.641,621.45,621.45,621.45,4168.8,4168.8,4168.8,0,0,0,9.625,308.05,167.49,280.16,131.54,137.04,288.38,4
19.015,29.212,13.709,41.77,0,4.1089,0,0,0,0.92822,0.32959,0.091309,0.98922,4.4911e-16,0.8616,0.10863,0.0083373,5.7798,0.72871,0.055928,38.772,4.8883,0.37518,-1,-1,-1,0.091309,115.57,93.976,127.63,171.72,75,75.223,56.296,0,0,0,0,0,45,0,777.92,777.92,777.92,433.13,433.13,433.13,0,0,0,9.625,9.625,9.625,16.671,0,92.641,92.641,92.641,621.45,621.45,621.45,4168.8,4168.8,4168.8,0,0,0,9.625,308.93,202.44,309.2,131.54,137.04,288.38,4
18.828,28.06,14.407,41.77,0,4.1089,0,0,0,0.92822,0.32959,0.091309,0.98922,4.4911e-16,0.8616,0.10863,0.0083373,5.7798,0.72871,0.055928,38.772,4.8883,0.37518,-1,-1,-1,0.091309,126.72,59.484,91.388,110.58,61.132,95,59.166,0,0,0,0,0,45,0,694.07,694.07,694.07,433.13,433.13,433.13,0,0,0,9.625,9.625,9.625,16.671,0,92.641,92.641,92.641,621.45,621.45,621.45,4168.8,4168.8,4168.8,0,0,0,9.625,306.97,201.19,305.36,131.54,137.04,288.38,4
24.242,21.752,9.1318,41.77,0,4.1089,0,0,0,0.92822,0.32959,0.091309,0.98922,4.4911e-16,0.8616,0.10863,0.0083373,5.7798,0.72871,0.055928,38.772,4.8883,0.37518,-1,-1,-1,0.091309,90.614,67,81,81.688,48.044,80.362,39.689,0,0,0,0,0,45,0,581.66,581.66,581.66,433.13,433.13,433.13,0,0,0,9.625,9.625,9.625,16.671,0,92.641,92.641,92.641,621.45,621.45,621.45,4168.8,4168.8,4168.8,0,0,0,9.625,311.66,216.16,286.53,131.54,137.04,288.38,5
20.819,22.081,11.088,41.77,0,4.1089,0,0,0,0.92822,0.32959,0.091309,0.98922,4.4911e-16,0.8616,0.10863,0.0083373,5.7798,0.72871,0.055928,38.772,4.8883,0.37518,-1,-1,-1,0.091309,129.79,81.851,136.3,69.462,46.787,44.259,56.375,0,0,0,0,0,45,0,262.58,262.58,262.58,433.13,433.13,433.13,0,0,0,9.625,9.625,9.625,16.671,0,92.641,92.641,92.641,621.45,621.45,621.45,4168.8,4168.8,4168.8,0,0,0,9.625,307.14,194.26,277.22,131.54,137.04,288.38,5
23.098,22.972,10.963,41.77,0,4.1089,0,0,0,0.92822,0.32959,0.091309,0.98922,4.4911e-16,0.8616,0.10863,0.0083373,5.7798,0.72871,0.055928,38.772,4.8883,0.37518,-1,-1,-1,0.091309,153.26,145.23,131.09,96.454,95,85.523,92,0,0,0,0,0,45,0,307.91,307.91,307.91,433.13,433.13,433.13,0,0,0,9.625,9.625,9.625,16.671,0,92.641,92.641,92.641,621.45,621.45,621.45,4168.8,4168.8,4168.8,0,0,0,9.625,308.84,205.78,281.71,131.54,137.04,288.38,5
23.865,23.786,11.187,41.77,0,4.1089,0,0,0,0.92822,0.32959,0.091309,0.98922,4.4911e-16,0.8616,0.10863,0.0083373,5.7798,0.72871,0.055928,38.772,4.8883,0.37518,-1,-1,-1,0.091309,86.712,73.504,99.963,61.958,40.327,105.24,48.346,0,0,0,0,0,45,0,338.69,338.69,338.69,433.13,433.13,433.13,0,0,0,9.625,9.625,9.625,16.671,0,92.641,92.641,92.641,621.45,621.45,621.45,4168.8,4168.8,4168.8,0,0,0,9.625,310.18,216.85,284.87,131.54,137.04,288.38,5
24.101,23.477,10.109,41.77,0,4.1089,0,0,0,0.92822,0.32959,0.091309,0.98922,4.4911e-16,0.8616,0.10863,0.0083373,5.7798,0.72871,0.055928,38.772,4.8883,0.37518,-1,-1,-1,0.091309,95.425,68,113.24,91,79,86.117,52.72,0,0,0,0,0,45,0,369.08,369.08,369.08,433.13,433.13,433.13,0,0,0,9.625,9.625,9.625,16.671,0,92.641,92.641,92.641,621.45,621.45,621.45,4168.8,4168.8,4168.8,0,0,0,9.625,311.33,216.04,284.24,131.54,137.04,288.38,5
23.281,23.493,10.828,41.77,0,4.1089,0,0,0,0.92822,0.32959,0.091309,0.98922,4.4911e-16,0.8616,0.10863,0.0083373,5.7798,0.72871,0.055928,38.772,4.8883,0.37518,-1,-1,-1,0.091309,80.892,64.561,101.37,69.673,35.808,118,105,0,0,0,0,0,45,0,365.43,365.43,365.43,433.13,433.13,433.13,0,0,0,9.625,9.625,9.625,16.671,0,92.641,92.641,92.641,621.45,621.45,621.45,4168.8,4168.8,4168.8,0,0,0,9.625,309.41,210.42,282.18,131.54,137.04,288.38,5
23.567,23.921,10.836,41.77,0,4.1089,0,0,0,0.92822,0.32959,0.091309,0.98922,4.4911e-16,0.8616,0.10863,0.0083373,5.7798,0.72871,0.055928,38.772,4.8883,0.37518,-1,-1,-1,0.091309,67.642,83.115,116.62,95.2,58.79,59.244,66.188,0,0,0,0,0,45,0,258.34,258.34,258.34,433.13,433.13,433.13,0,0,0,9.625,9.625,9.625,16.671,0,92.641,92.641,92.641,621.45,621.45,621.45,4168.8,4168.8,4168.8,0,0,0,9.625,309.67,214.59,282.17,131.54,137.04,288.38,5
23.32,24.051,10.813,41.77,0,4.1089,0,0,0,0.92822,0.32959,0.091309,0.98922,4.4911e-16,0.8616,0.10863,0.0083373,5.7798,0.72871,0.055928,38.772,4.8883,0.37518,-1,-1,-1,0.091309,86.98,76.279,107.15,61.402,44.534,101.37,51.787,0,0,0,0,0,45,0,341.96,341.96,341.96,433.13,433.13,433.13,0,0,0,9.625,9.625,9.625,16.671,0,92.641,92.641,92.641,621.45,621.45,621.45,4168.8,4168.8,4168.8,0,0,0,9.625,310.58,213.27,284.92,131.54,137.04,288.38,5
23.603,24.503,11.334,41.77,0,4.1089,0,0,0,0.92822,0.32959,0.091309,0.98922,4.4911e-16,0.8616,0.10863,0.0083373,5.7798,0.72871,0.055928,38.772,4.8883,0.37518,-1,-1,-1,0.091309,91.984,120.18,126.5,79.986,50.685,62,82.018,0,0,0,0,0,45,0,368.32,368.32,368.32,433.13,433.13,433.13,0,0,0,9.625,9.625,9.625,16.671,0,92.641,92.641,92.641,621.45,621.45,621.45,4168.8,4168.8,4168.8,0,0,0,9.625,309.7,218.31,285.4,131.54,137.04,288.38,5
23.279,25.096,10.851,41.77,0,4.1089,0,0,0,0.92822,0.32959,0.091309,0.98922,4.4911e-16,0.8616,0.10863,0.0083373,5.7798,0.72871,0.055928,38.772,4.8883,0.37518,-1,-1,-1,0.091309,83.725,63.65,129.95,61.982,57.454,76.98,48.589,0,0,0,0,0,45,0,316.18,316.18,316.18,433.13,433.13,433.13,0,0,0,9.625,9.625,9.625,16.671,0,92.641,92.641,92.641,621.45,621.45,621.45,4168.8,4168.8,4168.8,0,0,0,9.625,310.52,222.53,287.48,131.54,137.04,288.38,5
21.016,27.305,10.436,41.77,0,4.1089,0,0,0,0.92822,0.32959,0.091309,0.98922,4.4911e-16,0.8616,0.10863,0.0083373,5.7798,0.72871,0.055928,38.772,4.8883,0.37518,-1,-1,-1,0.091309,156.52,130.61,113.38,75.594,47.948,149.02,50.458,0,0,0,0,0,45,0,260.68,260.68,260.68,433.13,433.13,433.13,0,0,0,9.625,9.625,9.625,16.671,0,92.641,92.641,92.641,621.45,621.45,621.45,4168.8,4168.8,4168.8,0,0,0,9.625,314.16,238.55,296.68,131.54,137.04,288.38,5
22.21,26.213,11.757,41.77,0,4.1089,0,0,0,0.92822,0.32959,0.091309,0.98922,4.4911e-16,0.8616,0.10863,0.0083373,5.7798,0.72871,0.055928,38.772,4.8883,0.37518,-1,-1,-1,0.091309,106.01,103,81.074,67.943,64.28,80,44.716,0,0,0,0,0,45,0,166.76,166.76,166.76,433.13,433.13,433.13,0,0,0,9.625,9.625,9.625,16.671,0,92.641,92.641,92.641,621.45,621.45,621.45,4168.8,4168.8,4168.8,0,0,0,9.625,309.71,232.79,292.01,131.54,137.04,288.38,5
22.886,25.846,10.599,41.77,0,4.1089,0,0,0,0.92822,0.32959,0.091309,0.98922,4.4911e-16,0.8616,0.10863,0.0083373,5.7798,0.72871,0.055928,38.772,4.8883,0.37518,-1,-1,-1,0.091309,92.352,84.733,107.76,69.352,114.01,90.668,41.382,0,0,0,0,0,45,0,300.68,300.68,300.68,433.13,433.13,433.13,0,0,0,9.625,9.625,9.625,16.671,0,92.641,92.641,92.641,621.45,621.45,621.45,4168.8,4168.8,4168.8,0,0,0,9.625,312.2,230.6,289.4,131.54,137.04,288.38,5
23.409,25.193,11.251,41.77,0,4.1089,0,0,0,0.92822,0.32959,0.091309,0.98922,4.4911e-16,0.8616,0.10863,0.0083373,5.7798,0.72871,0.055928,38.772,4.8883,0.37518,-1,-1,-1,0.091309,191.16,119,133,80,111,172.64,86,0,0,0,0,0,45,0,249.35,249.35,249.35,433.13,433.13,433.13,0,0,0,9.625,9.625,9.625,16.671,0,92.641,92.641,92.641,621.45,621.45,621.45,4168.8,4168.8,4168.8,0,0,0,9.625,309.65,221.7,283.78,131.54,137.04,288.38,5
22.975,25.165,10.833,41.77,0,4.1089,0,0,0,0.92822,0.32959,0.091309,0.98922,4.4911e-16,0.8616,0.10863,0.0083373,5.7798,0.72871,0.055928,38.772,4.8883,0.37518,-1,-1,-1,0.091309,198.47,69.87,93.318,51.819,63.531,86.015,69.442,0,0,0,0,0,45,0,447.03,447.03,447.03,433.13,433.13,433.13,0,0,0,9.625,9.625,9.625,16.671,0,92.641,92.641,92.641,621.45,621.45,621.45,4168.8,4168.8,4168.8,0,0,0,9.625,310.93,228.32,287.23,131.54,137.04,288.38,5
22.35,25.795,11.751,41.77,0,4.1089,0,0,0,0.92822,0.32959,0.091309,0.98922,4.4911e-16,0.8616,0.10863,0.0083373,5.7798,0.72871,0.055928,38.772,4.8883,0.37518,-1,-1,-1,0.091309,113.93,78.66,115.11,57.389,114.9,74.829,60.603,0,0,0,0,0,45,0,282.68,282.68,282.68,433.13,433.13,433.13,0,0,0,9.625,9.625,9.625,16.671,0,92.641,92.641,92.641,621.45,621.45,621.45,4168.8,4168.8,4168.8,0,0,0,9.625,309.63,232.08,288.29,131.54,137.04,288.38,5
22.542,25.646,12.479,41.77,0,4.1089,0,0,0,0.92822,0.32959,0.091309,0.98922,4.4911e-16,0.8616,0.10863,0.0083373,5.7798,0.72871,0.055928,38.772,4.8883,0.37518,-1,-1,-1,0.091309,196.45,115.16,97.322,41.905,51.796,50.606,43.263,0,0,0,0,0,45,0,262.16,262.16,262.16,433.13,433.13,433.13,0,0,0,9.625,9.625,9.625,16.671,0,92.641,92.641,92.641,621.45,621.45,621.45,4168.8,4168.8,4168.8,0,0,0,9.625,308.02,230.54,287.11,131.54,137.04,288.38,5
18.248,26.902,10.69,41.77,0,4.1089,0,0,0,0.92822,0.32959,0.091309,0.98922,4.4911e-16,0.8616,0.10863,0.0083373,5.7798,0.72871,0.055928,38.772,4.8883,0.37518,-1,-1,-1,0.091309,78,68.434,102.75,48.819,45,88.616,46.602,0,0,0,0,0,45,0,353.11,353.11,353.11,433.13,433.13,433.13,0,0,0,9.625,9.625,9.625,16.671,0,92.641,92.641,92.641,621.45,621.45,621.45,4168.8,4168.8,4168.8,0,0,0,9.625,313.7,251.29,292.75,131.54,137.04,288.38,5
23.622,24.638,11.117,41.77,0,4.1089,0,0,0,0.92822,0.32959,0.091309,0.98922,4.4911e-16,0.8616,0.10863,0.0083373,5.7798,0.72871,0.055928,38.772,4.8883,0.37518,-1,-1,-1,0.091309,84.295,107,142,41.165,44.599,86.444,55.562,0,0,0,0,0,45,0,236.35,236.35,236.35,433.13,433.13,433.13,0,0,0,9.625,9.625,9.625,16.671,0,92.641,92.641,92.641,621.45,621.45,621.45,4168.8,4168.8,4168.8,0,0,0,9.625,309.87,217.89,281,131.54,137.04,288.38,5
22.603,25.629,11.913,41.77,0,4.1089,0,0,0,0.92822,0.32959,0.091309,0.98922,4.4911e-16,0.8616,0.10863,0.0083373,5.7798,0.72871,0.055928,38.772,4.8883,0.37518,-1,-1,-1,0.091309,91.554,76.24,109.04,55.956,49,58.558,56.485,0,0,0,0,0,45,0,268.4,268.4,268.4,433.13,433.13,433.13,0,0,0,9.625,9.625,9.625,16.671,0,92.641,92.641,92.641,621.45,621.45,621.45,4168.8,4168.8,4168.8,0,0,0,9.625,309.52,230.86,286.72,131.54,137.04,288.38,5
19.603,23.648,12.038,41.822,14.756,4.1929,0.033204,0.067383,0.069823,0.92939,0.32795,0.093375,0.98996,0.0027421,0.86376,0.10755,0.0087189,5.7942,0.72129,0.058232,38.869,4.8398,0.39235,2.5438,3.6132,3.7258,0.093175,281.09,68,68,45.108,60,87,60.148,50,34.799,19.319,50,46,33,47,421.16,421.16,421.16,342.88,342.88,342.88,44.313,44.313,44.313,9.1495,9.1495,9.1495,15.078,4.9314,83.713,83.713,83.713,387.83,387.83,387.83,3767.1,3767.1,3767.1,-2.7064,-2.7064,-2.7064,7.6194,310.35,207.89,263.81,131.81,136.89,289.24,6
20.004,25.027,14.267,31.676,22.279,12.096,5.6811,3.043,3.499,0.80496,0.53747,0.346,1.0212,0.11867,0.64796,0.28887,0.11972,3.327,1.6455,0.50234,29.158,12.999,5.3872,-1.389,-0.81352,0.92031,0.26879,226.85,97.574,85.38,89,58.668,69.01,85.589,33.151,94.465,63.548,40.568,79.266,83.335,148.83,458.3,458.3,458.3,241.14,241.14,241.14,377.56,377.56,377.56,13.508,13.508,13.508,16.767,16.501,182.46,182.46,182.46,304.01,304.01,304.01,8210.6,8210.6,8210.6,-0.84604,-0.84604,-0.84604,-0.72222,307.6,209.85,258.77,141.64,161.83,284.82,6
19.497,25.204,14.372,31.354,22.308,11.02,6.2197,2.8535,4.8721,0.80308,0.5334,0.32969,1.0096,0.13915,0.64494,0.28451,0.1087,3.2596,1.6491,0.40847,29.022,12.803,4.8914,-1.4292,-0.75784,1.3092,0.24489,333.25,95.008,94.515,56.467,60.004,82.397,64.174,47,105.14,51.837,42.404,45,80,210,496.27,496.27,496.27,235.1,235.1,235.1,486.75,486.75,486.75,14.162,14.162,14.162,15.555,19.18,200.55,200.55,200.55,258.98,258.98,258.98,9024.9,9024.9,9024.9,0.26229,0.26229,0.26229,-0.82778,307.22,204.85,256.15,142.04,162,284.58,6
19.52,25.034,14.771,31.039,22.908,11.134,7.3574,2.6387,4.5737,0.78906,0.5436,0.31684,1.0013,0.12774,0.62261,0.2955,0.10038,3.1932,1.7387,0.41679,28.017,13.297,4.5173,-1.2364,-0.65509,1.1904,0.24742,211.59,108.87,87.507,93,125,162,92,62.208,129.88,100.38,33.093,50.795,46.138,197.05,475.97,475.97,475.97,213.95,213.95,213.95,389.81,389.81,389.81,14.317,14.317,14.317,15.706,19.406,204.98,204.98,204.98,243.13,243.13,243.13,9223.9,9223.9,9223.9,-0.99547,-0.99547,-0.99547,-0.35139,306.34,214.4,258.16,140.75,163.54,284.37,6
19.714,25.697,12.437,32.401,22.591,10.851,5.9077,2.2134,4.0073,0.81202,0.53944,0.32756,1.0206,0.12841,0.65938,0.291,0.10729,3.4732,1.6915,0.39821,29.672,13.095,4.8282,-1.517,-0.68141,1.3438,0.24113,259,66.966,108.19,55,48.585,55.47,69.771,38,72.643,51.732,53,109,55,128.22,616.29,616.29,616.29,197.21,197.21,197.21,447.81,447.81,447.81,14.482,14.482,14.482,17.037,18.618,209.72,209.72,209.72,262.83,262.83,262.83,9437.6,9437.6,9437.6,0.00502,0.00502,0.00502,-0.73889,306.36,207.27,259.33,140.18,160.56,285.82,6
21,25.958,12.564,32.582,22.43,12.969,3.8379,2.124,2.624,0.81218,0.53785,0.37343,1.0378,0.1082,0.65964,0.28928,0.13945,3.5141,1.6672,0.58071,29.684,13.018,6.2754,-1.3151,-0.86348,0.91969,0.28819,140.2,61.994,97.802,57.121,91.459,93.672,57,54.546,103.75,69.882,57,88.018,69.974,253.49,437.41,437.41,437.41,187.25,187.25,187.25,412.94,412.94,412.94,13.039,13.039,13.039,15.047,17.031,170.01,170.01,170.01,210.18,210.18,210.18,7650.5,7650.5,7650.5,-0.43818,-0.43818,-0.43818,-0.25139,311.49,226.4,265.78,141.65,161.52,284.62,6
19.877,26.272,14.178,31.521,23.467,13.023,8.0064,3.0635,5.4839,0.79304,0.55969,0.38292,1.0348,0.1355,0.62891,0.31325,0.14663,3.2895,1.825,0.57421,28.301,14.096,6.5984,-1.408,-0.63154,1.2791,0.28941,176,100.93,77.994,67.682,65.27,66.148,62.432,38,91.898,116.78,73,55.548,64,159.47,460.44,460.44,460.44,193.73,193.73,193.73,431,431,431,13.062,13.062,13.062,16.548,15.603,170.63,170.63,170.63,204.43,204.43,204.43,7678.2,7678.2,7678.2,-0.89526,-0.89526,-0.89526,-1.4097,310.38,224.46,262.68,143.24,164.85,281.3,6
20.963,25.327,11.592,31.075,22.603,11.195,5.0654,3.2891,4.1201,0.79552,0.54285,0.32279,1.0108,0.101,0.63285,0.29468,0.1042,3.2078,1.6934,0.42656,28.478,13.261,4.6888,-1.2743,-0.68164,1.1075,0.24878,198.15,90.907,134,48.345,64.059,81,88,43,88.451,109.38,35.557,74,75,156.34,451.72,451.72,451.72,246.59,246.59,246.59,511,511,511,16.873,16.873,16.873,18.814,22.615,284.69,284.69,284.69,327.57,327.57,327.57,12811,12811,12811,1.7586,1.7586,1.7586,0.19861,311.48,217.76,262.25,139.85,161.64,284.05,6
19.913,24.558,10.989,34.352,22.636,12.494,7.5308,2.6899,5.8223,0.83248,0.53785,0.38779,1.0544,0.14627,0.69302,0.28928,0.15038,3.8965,1.6976,0.5336,31.186,13.018,6.7673,-2.1951,-0.64971,1.3233,0.27765,182,95.814,148,73,65,89.137,59.869,27.889,111.37,97,51,48.804,66,159.87,393.06,393.06,393.06,213.69,213.69,213.69,466.19,466.19,466.19,17.182,17.182,17.182,19.454,22.774,295.21,295.21,295.21,303.9,303.9,303.9,13284,13284,13284,0.5755,0.5755,0.5755,-0.18472,311.58,221.56,262.48,142.22,160.08,281.21,6
19.851,26.092,13.643,31.507,23.403,12.525,3.6401,1.792,2.022,0.7743,0.55719,0.33856,1.0078,0.096161,0.59953,0.31046,0.11462,3.2908,1.8159,0.53266,26.979,13.971,5.158,-0.85547,-0.45178,0.47811,0.27834,176.15,86.067,72.82,43.873,84.091,64.856,68.245,62,101,82,58,83,125,86.113,432.12,432.12,432.12,199.9,199.9,199.9,322.38,322.38,322.38,11.093,11.093,11.093,14.814,12.373,123.05,123.05,123.05,215.6,215.6,215.6,5537.1,5537.1,5537.1,-0.19426,-0.19426,-0.19426,0.23056,311.73,222.88,265.4,142.15,164.35,281.48,6
20.767,25.934,14.31,31.472,23.161,12.296,7.5757,2.0981,5.0645,0.79784,0.55274,0.37252,1.0311,0.13427,0.63654,0.30552,0.13877,3.2801,1.7785,0.51456,28.644,13.748,6.2446,-1.5106,-0.61923,1.2334,0.27324,221.27,99.122,63.516,43.966,55.749,89.486,63.407,35,66.843,73.89,53.569,73.335,87.048,132.13,590.88,590.88,590.88,225.53,225.53,225.53,398,398,398,14.198,14.198,14.198,15.812,19.047,201.59,201.59,201.59,300.02,300.02,300.02,9071.5,9071.5,9071.5,0.93446,0.93446,0.93446,-0.11806,310.81,219.84,262.7,141.71,163.66,281.21,6
19.452,27.218,13.98,29.563,24.322,13.15,4.0903,2.4302,2.4536,0.75075,0.57961,0.3536,1.0083,0.08997,0.56363,0.33595,0.12503,2.91,1.9613,0.58624,25.363,15.118,5.6265,-0.82455,-0.40465,0.49683,0.29222,322.46,86.489,106,37.014,61.82,78.465,125.02,50.495,82,166,76,63.494,72.224,122.55,562.99,562.99,562.99,201.47,201.47,201.47,356.38,356.38,356.38,11.432,11.432,11.432,12.82,15.261,130.68,130.68,130.68,191.9,191.9,191.9,5880.8,5880.8,5880.8,-0.38634,-0.38634,-0.38634,0.084722,309.68,227.49,264.89,143.39,167.67,275.51,6
19.589,26.273,15.191,32.954,23.956,15.14,7.0967,2.3315,3.8477,0.80158,0.5658,0.44137,1.0646,0.15701,0.64252,0.32013,0.19481,3.5884,1.9016,0.79491,28.914,14.406,8.7664,-1.8151,-0.37413,1.0714,0.33644,236.98,114.35,152,85.86,47.488,45.838,117,55,98,55.771,57,40.957,63.199,99.951,421.49,421.49,421.49,247.19,247.19,247.19,437.19,437.19,437.19,14.636,14.636,14.636,16.147,19.763,214.2,214.2,214.2,287.99,287.99,287.99,9639.1,9639.1,9639.1,-0.22208,-0.22208,-0.22208,-0.71389,309.79,225.11,265.48,143.46,166.94,270.74,6
20.665,25.479,12.916,27.925,24.683,12.447,7.5005,1.8989,5.5889,0.78008,0.58987,0.36804,1.038,0.12209,0.60852,0.34795,0.13545,2.6336,2.0205,0.52256,27.383,15.658,6.0954,-1.2943,-0.58083,1.2824,0.2766,282.57,93.413,159.09,86.615,39.417,117.23,71.693,49,94.375,76.17,57,43.002,55.407,124.91,479,479,479,269.37,269.37,269.37,305.5,305.5,305.5,15.049,15.049,15.049,17.843,19.216,226.47,226.47,226.47,450.87,450.87,450.87,10191,10191,10191,-0.83357,-0.83357,-0.83357,-1.0569,313.57,229.63,268.88,142.42,167.57,265.32,6
21.374,26.266,13.726,31.989,22.607,12.838,4.5405,2.1128,2.8779,0.78132,0.53401,0.35692,1.0073,0.092316,0.61047,0.28517,0.12739,3.3892,1.6931,0.563,27.471,12.833,5.7325,-0.9671,-0.56897,0.86631,0.28529,318.56,104.5,129.92,88.76,91,75.543,77,44.952,128.3,97.134,75,80,36,125.14,431.71,431.71,431.71,298.7,298.7,298.7,422.63,422.63,422.63,16.44,16.44,16.44,19.209,21.257,270.27,270.27,270.27,417.63,417.63,417.63,12162,12162,12162,-0.88509,-0.88509,-0.88509,-2.9403,312.55,221.63,271.05,143.38,162.39,259.67,6
20.496,25.645,12.742,30.019,23.845,14.045,6.0962,3.3623,6.1768,0.77553,0.56732,0.42101,1.036,0.16703,0.60145,0.32185,0.17725,2.9967,1.8838,0.67102,27.065,14.483,7.9761,-1.2789,-0.73028,1.5625,0.31211,323.66,88.209,107.95,69.495,72.875,166.93,85.682,47,110.29,89.238,59,75,69,170.85,510.92,510.92,510.92,237.3,237.3,237.3,491.19,491.19,491.19,14.958,14.958,14.958,17.395,19.417,223.74,223.74,223.74,282.19,282.19,282.19,10068,10068,10068,-0.41229,-0.41229,-0.41229,1.3903,311.87,224.65,270.43,144.06,166.96,251.51,6
20.242,25.483,13.517,29.503,24.516,14.547,6.8945,2.2402,4.0762,0.77242,0.58429,0.42694,1.0461,0.163,0.59663,0.34139,0.18227,2.8882,1.9922,0.72361,26.848,15.363,8.2024,-1.2687,-0.51723,1.312,0.32326,195.56,112.63,94.753,82.782,49.794,102.9,107,32,97.387,68.385,31.481,42,62,198.79,493.58,493.58,493.58,180.2,180.2,180.2,400.75,400.75,400.75,12.662,12.662,12.662,15.473,15.719,160.34,160.34,160.34,193.59,193.59,193.59,7215.2,7215.2,7215.2,0.14556,0.14556,0.14556,-0.18333,312.16,228.21,271.83,145.76,167.41,243.76,6
22.287,26.031,12.222,31.226,23.444,12.263,7.334,2.8848,4.1196,0.78771,0.56088,0.3387,1.0178,0.11897,0.62048,0.31459,0.11472,3.2313,1.8212,0.50602,27.922,14.157,5.1623,-1.1914,-0.67462,1.1003,0.27252,221,99.316,78.924,76,83,142.84,97.219,42.218,76.479,76.573,40.795,147.18,91.504,113.48,448.59,448.59,448.59,264.36,264.36,264.36,599.75,599.75,599.75,19.203,19.203,19.203,19.274,27.413,368.75,368.75,368.75,383.01,383.01,383.01,16594,16594,16594,1.3466,1.3466,1.3466,0.45556,315.94,225.18,270.83,143.24,164.62,241.83,6
21.291,26.005,12.793,32.104,23.226,13.341,5.3462,3.6338,3.2036,0.79391,0.55621,0.37533,1.0327,0.11997,0.6303,0.30937,0.14087,3.4123,1.7875,0.60902,28.363,13.922,6.3392,-1.2679,-0.71794,0.98879,0.29646,288.32,88.054,124.15,55,58.683,148.97,74.662,33,131.95,67,36,54.164,103.22,184.35,506.84,506.84,506.84,247.94,247.94,247.94,630.06,630.06,630.06,18.219,18.219,18.219,21.218,23.622,331.93,331.93,331.93,355.11,355.11,355.11,14937,14937,14937,-0.61222,-0.61222,-0.61222,-0.84722,313.44,222.46,272.18,143.71,164.03,234.97,6
20.49,24.918,12.841,33.284,23.429,14.451,4.8311,2.4126,4.3843,0.79249,0.5513,0.41217,1.0411,0.13551,0.62803,0.30393,0.16988,3.6643,1.8182,0.70998,28.262,13.677,7.6447,-1.1802,-0.50706,1.2344,0.32113,337.03,88.38,113.93,51,116,138,83.998,61.657,105.08,113.57,58,52.451,68.555,104.33,518.77,518.77,518.77,204.38,204.38,204.38,380.75,380.75,380.75,13.3,13.3,13.3,14.886,17.779,176.89,176.89,176.89,239.97,239.97,239.97,7959.9,7959.9,7959.9,0.082426,0.082426,0.082426,0.68611,312.18,224.68,270.22,145.4,164.48,227.64,6
24.152,22.163,5.8719,41.654,15.845,5.3003,0.41455,0.49902,0.37988,0.92571,0.35242,0.11839,0.99752,0.010706,0.85694,0.1242,0.014016,5.7476,0.83164,0.093042,38.562,5.589,0.63073,1.7017,-0.66432,1.737,0.11778,240.01,84.012,84,40.002,78.606,120,126,45,89.243,61,48,48,52,83.162,453.42,453.42,453.42,149.5,149.5,149.5,163.69,163.69,163.69,7.8444,7.8444,7.8444,9.7933,9.5243,61.535,61.535,61.535,118.41,118.41,118.41,2769.1,2769.1,2769.1,1.1087,1.1087,1.1087,-0.89028,335.91,247.81,292.33,135.25,139.82,219.61,7
25.683,21.345,5.6409,41.747,15.597,4.8965,0.50342,0.63574,0.41455,0.9278,0.34726,0.10952,0.99658,0.015197,0.86081,0.12059,0.011996,5.7733,0.80581,0.0794,38.736,5.4265,0.5398,0.71934,-0.17535,0.54933,0.10881,213.9,73.436,76,40.601,43.663,131.31,93.304,37,104.41,42,42,29,45,65.195,473.57,473.57,473.57,147.94,147.94,147.94,180,180,180,7.6788,7.6788,7.6788,10.45,8.3202,58.964,58.964,58.964,109.37,109.37,109.37,2653.4,2653.4,2653.4,0.46185,0.46185,0.46185,-0.71944,334.54,236.39,290.9,133.93,139.29,213.55,7
25.184,21.955,5.8386,42.341,0,4.5703,0,0,0,0.94092,0.33105,0.10156,1.0026,2.2455e-16,0.88533,0.1096,0.010315,5.939,0.7352,0.069194,39.84,4.9319,0.46417,-1,-1,0,0.10156,227.23,56.706,85,54,58.883,105.9,64.681,0,0,0,0,0,0,135,500.24,500.24,500.24,14.063,14.063,14.063,0,0,0,0.3125,0.3125,0.3125,0.54127,2.2455e-16,0.097656,0.097656,0.097656,0.6551,0.6551,0.6551,4.3945,4.3945,4.3945,0,0,0,0.3125,336.94,233.05,288.28,133.6,138.04,210.06,7
25.078,21.739,6.3355,42.341,0,4.5703,0,0,0,0.94092,0.33105,0.10156,1.0026,2.2455e-16,0.88533,0.1096,0.010315,5.939,0.7352,0.069194,39.84,4.9319,0.46417,-1,-1,0,0.10156,268.8,88.277,92,103,76,145.65,76.957,0,0,0,0,0,0,135,511.55,511.55,511.55,14.063,14.063,14.063,0,0,0,0.3125,0.3125,0.3125,0.54127,2.2455e-16,0.097656,0.097656,0.097656,0.6551,0.6551,0.6551,4.3945,4.3945,4.3945,0,0,0,0.3125,339,237.34,296.07,133.6,138.04,210.06,7
24.056,22.154,6.7549,42.341,0,4.5703,0,0,0,0.94092,0.33105,0.10156,1.0026,2.2455e-16,0.88533,0.1096,0.010315,5.939,0.7352,0.069194,39.84,4.9319,0.46417,-1,-1,0,0.10156,174.17,86.476,73.425,39.778,59.989,145.51,95.328,0,0,0,0,0,0,135,345.06,345.06,345.06,14.063,14.063,14.063,0,0,0,0.3125,0.3125,0.3125,0.54127,2.2455e-16,0.097656,0.097656,0.097656,0.6551,0.6551,0.6551,4.3945,4.3945,4.3945,0,0,0,0.3125,344.3,247.82,298.59,133.6,138.04,210.06,7
24.118,21.788,7.5051,42.341,0,4.5703,0,0,0,0.94092,0.33105,0.10156,1.0026,2.2455e-16,0.88533,0.1096,0.010315,5.939,0.7352,0.069194,39.84,4.9319,0.46417,-1,-1,0,0.10156,162.63,59.023,69.699,42,41.991,186.13,95.58,0,0,0,0,0,0,135,271.88,271.88,271.88,14.063,14.063,14.063,0,0,0,0.3125,0.3125,0.3125,0.54127,2.2455e-16,0.097656,0.097656,0.097656,0.6551,0.6551,0.6551,4.3945,4.3945,4.3945,0,0,0,0.3125,345.45,249.47,301.96,133.6,138.04,210.06,7
23.463,20.676,6.6753,41.4,14.566,4.4687,0.94092,0.33105,0.10156,0.9304,0.32736,0.10043,0.98034,0.14946,0.86565,0.10716,0.010086,5.675,0.70253,0.066119,38.954,4.8223,0.45385,-6.4825,6.4825,-6.4825,0.099305,211.39,101.08,85.194,36.956,64,89.208,63.911,44,88,132,44,132,0,132,293.61,293.61,293.61,13.75,13.75,13.75,0.3125,0.3125,0.3125,0.30901,0.30901,0.30901,0.52924,0.080687,0.095486,0.095486,0.095486,0.62598,0.62598,0.62598,4.2969,4.2969,4.2969,-6.4825,-6.4825,-6.4825,0.30556,337.65,245.79,296.66,130.63,134.97,205.4,7
25.075,21.876,6.6448,42.341,0,4.5703,0,0,0,0.94092,0.33105,0.10156,1.0026,2.2455e-16,0.88533,0.1096,0.010315,5.939,0.7352,0.069194,39.84,4.9319,0.46417,-1,-1,0,0.10156,203.56,99.763,70.109,51.221,93.643,135.64,97.814,0,0,0,0,0,0,135,341.1,341.1,341.1,14.063,14.063,14.063,0,0,0,0.3125,0.3125,0.3125,0.54127,2.2455e-16,0.097656,0.097656,0.097656,0.6551,0.6551,0.6551,4.3945,4.3945,4.3945,0,0,0,0.3125,344.05,240.89,299.34,133.6,138.04,210.06,7
24.774,22.352,6.9227,42.341,0,4.5703,0,0,0,0.94092,0.33105,0.10156,1.0026,2.2455e-16,0.88533,0.1096,0.010315,5.939,0.7352,0.069194,39.84,4.9319,0.46417,-1,-1,0,0.10156,281.37,65.376,87.044,53,78.126,179.76,78.927,0,0,0,0,0,0,135,349.1,349.1,349.1,14.063,14.063,14.063,0,0,0,0.3125,0.3125,0.3125,0.54127,2.2455e-16,0.097656,0.097656,0.097656,0.6551,0.6551,0.6551,4.3945,4.3945,4.3945,0,0,0,0.3125,343.42,241.59,301.05,133.6,138.04,210.06,7
25.028,22.553,6.7488,42.341,0,4.5703,0,0,0,0.94092,0.33105,0.10156,1.0026,2.2455e-16,0.88533,0.1096,0.010315,5.939,0.7352,0.069194,39.84,4.9319,0.46417,-1,-1,0,0.10156,279.58,98.727,112.57,70,52.488,82.032,66.423,0,0,0,0,0,0,135,436.34,436.34,436.34,14.063,14.063,14.063,0,0,0,0.3125,0.3125,0.3125,0.54127,2.2455e-16,0.097656,0.097656,0.097656,0.6551,0.6551,0.6551,4.3945,4.3945,4.3945,0,0,0,0.3125,344.06,238.75,301.1,133.6,138.04,210.06,7
25.504,21.167,6.4267,42.341,0,4.5703,0,0,0,0.94092,0.33105,0.10156,1.0026,2.2455e-16,0.88533,0.1096,0.010315,5.939,0.7352,0.069194,39.84,4.9319,0.46417,-1,-1,0,0.10156,215.22,86.236,88,46.41,55,113.79,89.387,0,0,0,0,0,0,135,395,395,395,14.063,14.063,14.063,0,0,0,0.3125,0.3125,0.3125,0.54127,2.2455e-16,0.097656,0.097656,0.097656,0.6551,0.6551,0.6551,4.3945,4.3945,4.3945,0,0,0,0.3125,343.73,238.74,301.12,133.6,138.04,210.06,7
25.233,21.468,7.0846,42.341,0,4.5703,0,0,0,0.94092,0.33105,0.10156,1.0026,2.2455e-16,0.88533,0.1096,0.010315,5.939,0.7352,0.069194,39.84,4.9319,0.46417,-1,-1,0,0.10156,248,99,75.2,40.375,59,182,132,0,0,0,0,0,0,135,472.07,472.07,472.07,14.063,14.063,14.063,0,0,0,0.3125,0.3125,0.3125,0.54127,2.2455e-16,0.097656,0.097656,0.097656,0.6551,0.6551,0.6551,4.3945,4.3945,4.3945,0,0,0,0.3125,346.98,242.02,305.04,133.6,138.04,210.06,7
24.757,22.002,6.8992,42.341,0,4.5703,0,0,0,0.94092,0.33105,0.10156,1.0026,2.2455e-16,0.88533,0.1096,0.010315,5.939,0.7352,0.069194,39.84,4.9319,0.46417,-1,-1,0,0.10156,194.63,91.935,115.58,37.928,68.777,75.315,58.17,0,0,0,0,0,0,135,321.47,321.47,321.47,14.063,14.063,14.063,0,0,0,0.3125,0.3125,0.3125,0.54127,2.2455e-16,0.097656,0.097656,0.097656,0.6551,0.6551,0.6551,4.3945,4.3945,4.3945,0,0,0,0.3125,344.77,245.8,306.9,133.6,138.04,210.06,7
25.213,21.886,6.489,42.341,0,4.5703,0,0,0,0.94092,0.33105,0.10156,1.0026,2.2455e-16,0.88533,0.1096,0.010315,5.939,0.7352,0.069194,39.84,4.9319,0.46417,-1,-1,0,0.10156,196.07,66.699,127.73,70.544,58.128,138.57,66.732,0,0,0,0,0,0,135,528.7,528.7,528.7,14.063,14.063,14.063,0,0,0,0.3125,0.3125,0.3125,0.54127,2.2455e-16,0.097656,0.097656,0.097656,0.6551,0.6551,0.6551,4.3945,4.3945,4.3945,0,0,0,0.3125,344.28,237.65,304.67,133.6,138.04,210.06,7
24.472,22.112,7.7329,42.341,0,4.5703,0,0,0,0.94092,0.33105,0.10156,1.0026,2.2455e-16,0.88533,0.1096,0.010315,5.939,0.7352,0.069194,39.84,4.9319,0.46417,-1,-1,0,0.10156,208.46,78,91,71,57.829,159.25,77.201,0,0,0,0,0,0,135,268.29,268.29,268.29,14.063,14.063,14.063,0,0,0,0.3125,0.3125,0.3125,0.54127,2.2455e-16,0.097656,0.097656,0.097656,0.6551,0.6551,0.6551,4.3945,4.3945,4.3945,0,0,0,0.3125,346.41,248.09,310.38,133.6,138.04,210.06,7
24.736,21.959,7.6948,42.341,0,4.5703,0,0,0,0.94092,0.33105,0.10156,1.0026,2.2455e-16,0.88533,0.1096,0.010315,5.939,0.7352,0.069194,39.84,4.9319,0.46417,-1,-1,0,0.10156,183.69,78.01,104.93,46,72,151.82,96.69,0,0,0,0,0,0,135,336.92,336.92,336.92,14.063,14.063,14.063,0,0,0,0.3125,0.3125,0.3125,0.54127,2.2455e-16,0.097656,0.097656,0.097656,0.6551,0.6551,0.6551,4.3945,4.3945,4.3945,0,0,0,0.3125,345.96,243.81,307.16,133.6,138.04,210.06,7
24.776,22.32,7.0747,42.341,0,4.5703,0,0,0,0.94092,0.33105,0.10156,1.0026,2.2455e-16,0.88533,0.1096,0.010315,5.939,0.7352,0.069194,39.84,4.9319,0.46417,-1,-1,0,0.10156,225.53,99.294,63.415,36.326,66.059,110.03,69.374,0,0,0,0,0,0,135,244.63,244.63,244.63,14.063,14.063,14.063,0,0,0,0.3125,0.3125,0.3125,0.54127,2.2455e-16,0.097656,0.097656,0.097656,0.6551,0.6551,0.6551,4.3945,4.3945,4.3945,0,0,0,0.3125,345.63,242.15,306.17,133.6,138.04,210.06,7
24.817,22.153,7.0383,42.341,0,4.5703,0,0,0,0.94092,0.33105,0.10156,1.0026,2.2455e-16,0.88533,0.1096,0.010315,5.939,0.7352,0.069194,39.84,4.9319,0.46417,-1,-1,0,0.10156,345.77,109.4,115.52,49.279,58.283,148.36,105.18,0,0,0,0,0,0,135,363.79,363.79,363.79,14.063,14.063,14.063,0,0,0,0.3125,0.3125,0.3125,0.54127,2.2455e-16,0.097656,0.097656,0.097656,0.6551,0.6551,0.6551,4.3945,4.3945,4.3945,0,0,0,0.3125,345.89,243.95,308.48,133.6,138.04,210.06,7
24.086,22.473,7.5397,42.341,0,4.5703,0,0,0,0.94092,0.33105,0.10156,1.0026,2.2455e-16,0.88533,0.1096,0.010315,5.939,0.7352,0.069194,39.84,4.9319,0.46417,-1,-1,0,0.10156,193.49,48.1,50.307,46,56,167.41,103.99,0,0,0,0,0,0,135,302.38,302.38,302.38,14.063,14.063,14.063,0,0,0,0.3125,0.3125,0.3125,0.54127,2.2455e-16,0.097656,0.097656,0.097656,0.6551,0.6551,0.6551,4.3945,4.3945,4.3945,0,0,0,0.3125,350.53,248.91,312.33,133.6,138.04,210.06,7
24.972,22.093,6.9254,42.341,0,4.5703,0,0,0,0.94092,0.33105,0.10156,1.0026,2.2455e-16,0.88533,0.1096,0.010315,5.939,0.7352,0.069194,39.84,4.9319,0.46417,-1,-1,0,0.10156,225.3,78.444,131.04,55,54.038,177.21,92.497,0,0,0,0,0,0,135,398.38,398.38,398.38,14.063,14.063,14.063,0,0,0,0.3125,0.3125,0.3125,0.54127,2.2455e-16,0.097656,0.097656,0.097656,0.6551,0.6551,0.6551,4.3945,4.3945,4.3945,0,0,0,0.3125,348.09,243.9,311.23,133.6,138.04,210.06,7
17.23,31.042,9.2861,42.341,0,4.5703,0,0,0,0.94092,0.33105,0.10156,1.0026,2.2455e-16,0.88533,0.1096,0.010315,5.939,0.7352,0.069195,39.84,4.9319,0.46417,-1,-1,0,0.10156,262.45,120,84,65.142,115.24,123.63,81.174,0,0,0,0,0,0,135,580.89,580.89,580.89,14.063,14.063,14.063,0,0,0,0.3125,0.3125,0.3125,0.54127,2.2455e-16,0.097656,0.097656,0.097656,0.6551,0.6551,0.6551,4.3945,4.3945,4.3945,0,0,0,0.3125,317.86,192.77,283.03,133.6,138.04,210.06,8
19.495,30.639,8.9565,42.341,0,4.5703,0,0,0,0.94092,0.33105,0.10156,1.0026,2.2455e-16,0.88533,0.1096,0.010315,5.939,0.7352,0.069194,39.84,4.9319,0.46417,-1,-1,0,0.10156,201.31,66.77,44.54,60.98,99.726,110,93,0,0,0,0,0,0,135,653.18,653.18,653.18,14.063,14.063,14.063,0,0,0,0.3125,0.3125,0.3125,0.54127,2.2455e-16,0.097656,0.097656,0.097656,0.6551,0.6551,0.6551,4.3945,4.3945,4.3945,0,0,0,0.3125,318.87,188.23,282.43,133.6,138.04,210.06,8
19.021,30.043,5.936,42.341,0,4.5703,0,0,0,0.94092,0.33105,0.10156,1.0026,2.2455e-16,0.88533,0.1096,0.010315,5.939,0.7352,0.069195,39.84,4.9319,0.46417,-1,-1,0,0.10156,174.95,109,39.924,72,122,133.49,102.99,0,0,0,0,0,0,135,438.92,438.92,438.92,14.063,14.063,14.063,0,0,0,0.3125,0.3125,0.3125,0.54127,2.2455e-16,0.097656,0.097656,0.097656,0.6551,0.6551,0.6551,4.3945,4.3945,4.3945,0,0,0,0.3125,322.23,188.96,283.54,133.6,138.04,210.06,8
20.582,30.932,8.1953,42.341,0,4.5703,0,0,0,0.94092,0.33105,0.10156,1.0026,2.2455e-16,0.88533,0.1096,0.010315,5.939,0.7352,0.069194,39.84,4.9319,0.46417,-1,-1,0,0.10156,240,133.23,41.869,50.099,81,157.33,51.278,0,0,0,0,0,0,135,545.93,545.93,545.93,14.063,14.063,14.063,0,0,0,0.3125,0.3125,0.3125,0.54127,2.2455e-16,0.097656,0.097656,0.097656,0.6551,0.6551,0.6551,4.3945,4.3945,4.3945,0,0,0,0.3125,317.99,190.68,287.82,133.6,138.04,210.06,8
21.28,30.726,7.1377,42.341,0,4.5703,0,0,0,0.94092,0.33105,0.10156,1.0026,2.2455e-16,0.88533,0.1096,0.010315,5.939,0.7352,0.069194,39.84,4.9319,0.46417,-1,-1,0,0.10156,261.74,117.44,36,40,47.886,132.81,109.83,0,0,0,0,0,0,135,628.92,628.92,628.92,14.063,14.063,14.063,0,0,0,0.3125,0.3125,0.3125,0.54127,2.2455e-16,0.097656,0.097656,0.097656,0.6551,0.6551,0.6551,4.3945,4.3945,4.3945,0,0,0,0.3125,321.08,188.38,289.86,133.6,138.04,210.06,8
20.746,30.915,7.0181,42.341,0,4.5703,0,0,0,0.94092,0.33105,0.10156,1.0026,2.2455e-16,0.88533,0.1096,0.010315,5.939,0.7352,0.069194,39.84,4.9319,0.46417,-1,-1,0,0.10156,275.23,109.26,50,40.05,59.784,83.744,81.976,0,0,0,0,0,0,135,621.53,621.53,621.53,14.063,14.063,14.063,0,0,0,0.3125,0.3125,0.3125,0.54127,2.2455e-16,0.097656,0.097656,0.097656,0.6551,0.6551,0.6551,4.3945,4.3945,4.3945,0,0,0,0.3125,320.38,186.83,293.37,133.6,138.04,210.06,8
22.816,31.797,6.6343,42.341,0,4.5703,0,0,0,0.94092,0.33105,0.10156,1.0026,2.2455e-16,0.88533,0.1096,0.010315,5.939,0.7352,0.069195,39.84,4.9319,0.46417,-1,-1,0,0.10156,221.24,98.071,46,49.672,55.958,116.14,66.762,0,0,0,0,0,0,135,709.46,709.46,709.46,14.063,14.063,14.063,0,0,0,0.3125,0.3125,0.3125,0.54127,2.2455e-16,0.097656,0.097656,0.097656,0.6551,0.6551,0.6551,4.3945,4.3945,4.3945,0,0,0,0.3125,322.48,186.07,295.2,133.6,138.04,210.06,8
24.226,31.833,8.2969,42.341,0,4.5703,0,0,0,0.94092,0.33105,0.10156,1.0026,2.2455e-16,0.88533,0.1096,0.010315,5.939,0.7352,0.069194,39.84,4.9319,0.46417,-1,-1,0,0.10156,259.34,108.39,95,70,66.927,141.57,70,0,0,0,0,0,0,135,701.61,701.61,701.61,14.063,14.063,14.063,0,0,0,0.3125,0.3125,0.3125,0.54127,2.2455e-16,0.097656,0.097656,0.097656,0.6551,0.6551,0.6551,4.3945,4.3945,4.3945,0,0,0,0.3125,318.95,182.63,297.77,133.6,138.04,210.06,8
21.863,31.926,5.8911,42.341,0,4.5703,0,0,0,0.94092,0.33105,0.10156,1.0026,2.2455e-16,0.88533,0.1096,0.010315,5.939,0.7352,0.069195,39.84,4.9319,0.46417,-1,-1,0,0.10156,265.07,103.33,53,39,49.879,137.57,100.67,0,0,0,0,0,0,135,844.52,844.52,844.52,14.063,14.063,14.063,0,0,0,0.3125,0.3125,0.3125,0.54127,2.2455e-16,0.097656,0.097656,0.097656,0.6551,0.6551,0.6551,4.3945,4.3945,4.3945,0,0,0,0.3125,322.43,185.56,301.24,133.6,138.04,210.06,8
21.712,30.943,5.8672,42.341,0,4.5703,0,0,0,0.94092,0.33105,0.10156,1.0026,2.2455e-16,0.88533,0.1096,0.010315,5.939,0.7352,0.069195,39.84,4.9319,0.46417,-1,-1,0,0.10156,240.4,119,45.035,36.865,66,53.01,68.962,0,0,0,0,0,0,135,899.89,899.89,899.89,14.063,14.063,14.063,0,0,0,0.3125,0.3125,0.3125,0.54127,2.2455e-16,0.097656,0.097656,0.097656,0.6551,0.6551,0.6551,4.3945,4.3945,4.3945,0,0,0,0.3125,321.55,184.28,301.48,133.6,138.04,210.06,8
19.94,32.715,5.0396,42.341,0,4.5703,0,0,0,0.94092,0.33105,0.10156,1.0026,2.2455e-16,0.88533,0.1096,0.010315,5.939,0.7352,0.069194,39.84,4.9319,0.46417,-1,-1,0,0.10156,236.24,83,61,42.602,56.149,96.073,52.657,0,0,0,0,0,0,135,760.01,760.01,760.01,14.063,14.063,14.063,0,0,0,0.3125,0.3125,0.3125,0.54127,2.2455e-16,0.097656,0.097656,0.097656,0.6551,0.6551,0.6551,4.3945,4.3945,4.3945,0,0,0,0.3125,326.44,189.04,306,133.6,138.04,210.06,8
17.993,38.975,4.8052,42.341,0,4.5703,0,0,0,0.94092,0.33105,0.10156,1.0026,2.2455e-16,0.88533,0.1096,0.010315,5.939,0.7352,0.069195,39.84,4.9319,0.46417,-1,-1,0,0.10156,341.4,197.26,67.434,35.605,36.111,34.202,80.824,0,0,0,0,0,0,135,940.77,940.77,940.77,14.063,14.063,14.063,0,0,0,0.3125,0.3125,0.3125,0.54127,2.2455e-16,0.097656,0.097656,0.097656,0.6551,0.6551,0.6551,4.3945,4.3945,4.3945,0,0,0,0.3125,327.58,197.86,309.18,133.6,138.04,210.06,8
20.94,32.846,4.9194,42.341,0,4.5703,0,0,0,0.94092,0.33105,0.10156,1.0026,2.2455e-16,0.88533,0.1096,0.010315,5.939,0.7352,0.069194,39.84,4.9319,0.46417,-1,-1,0,0.10156,183,172,71.336,35,53,60,85.885,0,0,0,0,0,0,135,975.73,975.73,975.73,14.063,14.063,14.063,0,0,0,0.3125,0.3125,0.3125,0.54127,2.2455e-16,0.097656,0.097656,0.097656,0.6551,0.6551,0.6551,4.3945,4.3945,4.3945,0,0,0,0.3125,328.38,189.1,309.41,133.6,138.04,210.06,8
19.71,36.429,4.2524,42.341,0,4.5703,0,0,0,0.94092,0.33105,0.10156,1.0026,2.2455e-16,0.88533,0.1096,0.010315,5.939,0.7352,0.069194,39.84,4.9319,0.46417,-1,-1,0,0.10156,324.42,145.05,72.672,48.788,39.039,73.231,64.944,0,0,0,0,0,0,135,925.63,925.63,925.63,14.063,14.063,14.063,0,0,0,0.3125,0.3125,0.3125,0.54127,2.2455e-16,0.097656,0.097656,0.097656,0.6551,0.6551,0.6551,4.3945,4.3945,4.3945,0,0,0,0.3125,328.88,194.73,316.64,133.6,138.04,210.06,8
19.666,36.008,3.7598,42.341,0,4.5703,0,0,0,0.94092,0.33105,0.10156,1.0026,2.2455e-16,0.88533,0.1096,0.010315,5.939,0.7352,0.069195,39.84,4.9319,0.46417,-1,-1,0,0.10156,367.08,152.35,65.537,46,38.333,58.063,116,0,0,0,0,0,0,135,1000.1,1000.1,1000.1,14.063,14.063,14.063,0,0,0,0.3125,0.3125,0.3125,0.54127,2.2455e-16,0.097656,0.097656,0.097656,0.6551,0.6551,0.6551,4.3945,4.3945,4.3945,0,0,0,0.3125,329.76,193.76,318.19,133.6,138.04,210.06,8
16.065,36.867,2.3325,42.341,0,4.5703,0,0,0,0.94092,0.33105,0.10156,1.0026,2.2455e-16,0.88533,0.1096,0.010315,5.939,0.7352,0.069195,39.84,4.9319,0.46417,-1,-1,0,0.10156,458.75,144.26,52.77,35.418,30,47.383,133.73,0,0,0,0,0,0,135,948.09,948.09,948.09,14.063,14.063,14.063,0,0,0,0.3125,0.3125,0.3125,0.54127,2.2455e-16,0.097656,0.097656,0.097656,0.6551,0.6551,0.6551,4.3945,4.3945,4.3945,0,0,0,0.3125,334.14,198.63,323.71,133.6,138.04,210.06,8
20.942,31.362,4.2384,42.341,0,4.5703,0,0,0,0.94092,0.33105,0.10156,1.0026,2.2455e-16,0.88533,0.1096,0.010315,5.939,0.7352,0.069195,39.84,4.9319,0.46417,-1,-1,0,0.10156,518.21,331.25,72.119,75,64,83,125.95,0,0,0,0,0,0,135,889.75,889.75,889.75,14.063,14.063,14.063,0,0,0,0.3125,0.3125,0.3125,0.54127,2.2455e-16,0.097656,0.097656,0.097656,0.6551,0.6551,0.6551,4.3945,4.3945,4.3945,0,0,0,0.3125,329.15,183.82,317.97,133.6,138.04,210.06,8
21.481,35.102,3.1431,42.341,0,4.5703,0,0,0,0.94092,0.33105,0.10156,1.0026,2.2455e-16,0.88533,0.1096,0.010315,5.939,0.7352,0.069194,39.84,4.9319,0.46417,-1,-1,0,0.10156,273.78,182,61.77,36,36.253,45.716,90.8,0,0,0,0,0,0,135,881.54,881.54,881.54,14.063,14.063,14.063,0,0,0,0.3125,0.3125,0.3125,0.54127,2.2455e-16,0.097656,0.097656,0.097656,0.6551,0.6551,0.6551,4.3945,4.3945,4.3945,0,0,0,0.3125,329.63,192.05,312.19,133.6,138.04,210.06,8
16.614,34.889,3.3247,42.341,0,4.5703,0,0,0,0.94092,0.33105,0.10156,1.0026,2.2455e-16,0.88533,0.1096,0.010315,5.939,0.7352,0.069194,39.84,4.9319,0.46417,-1,-1,0,0.10156,222.36,122.65,54.338,35.455,33,49.107,109,0,0,0,0,0,0,135,755.38,755.38,755.38,14.063,14.063,14.063,0,0,0,0.3125,0.3125,0.3125,0.54127,2.2455e-16,0.097656,0.097656,0.097656,0.6551,0.6551,0.6551,4.3945,4.3945,4.3945,0,0,0,0.3125,327.57,195.86,306.26,133.6,138.04,210.06,8
24.267,30.789,3.8843,42.341,0,4.5703,0,0,0,0.94092,0.33105,0.10156,1.0026,2.2455e-16,0.88533,0.1096,0.010315,5.939,0.7352,0.069194,39.84,4.9319,0.46417,-1,-1,0,0.10156,261.9,95.798,54.062,43.53,63,56.028,74.072,0,0,0,0,0,0,135,762.42,762.42,762.42,14.063,14.063,14.063,0,0,0,0.3125,0.3125,0.3125,0.54127,2.2455e-16,0.097656,0.097656,0.097656,0.6551,0.6551,0.6551,4.3945,4.3945,4.3945,0,0,0,0.3125,325.6,183.2,295.36,133.6,138.04,210.06,8
18.76,20.593,24.64,42.341,0,4.5703,0,0,0,0.94092,0.33105,0.10156,1.0026,2.2455e-16,0.88533,0.1096,0.010315,5.939,0.7352,0.069195,39.84,4.9319,0.46417,-1,-1,0,0.10156,126.15,81.762,126,150.07,149.8,85.985,81.675,0,0,0,0,0,0,135,1315.7,1315.7,1315.7,14.063,14.063,14.063,0,0,0,0.3125,0.3125,0.3125,0.54127,2.2455e-16,0.097656,0.097656,0.097656,0.6551,0.6551,0.6551,4.3945,4.3945,4.3945,0,0,0,0.3125,275.45,213.79,261.11,133.6,138.04,210.06,9
19.946,17.922,21.79,42.341,0,4.5703,0,0,0,0.94092,0.33105,0.10156,1.0026,2.2455e-16,0.88533,0.1096,0.010315,5.939,0.7352,0.069195,39.84,4.9319,0.46417,-1,-1,0,0.10156,130.1,128,84.367,149,153.54,170,215.82,0,0,0,0,0,0,135,1258.1,1258.1,1258.1,14.063,14.063,14.063,0,0,0,0.3125,0.3125,0.3125,0.54127,2.2455e-16,0.097656,0.097656,0.097656,0.6551,0.6551,0.6551,4.3945,4.3945,4.3945,0,0,0,0.3125,276.49,207.26,251.04,133.6,138.04,210.06,9
23.004,16.343,23.645,42.341,0,4.5703,0,0,0,0.94092,0.33105,0.10156,1.0026,2.2455e-16,0.88533,0.1096,0.010315,5.939,0.7352,0.069194,39.84,4.9319,0.46417,-1,-1,0,0.10156,153.49,94.201,78.39,154.01,131.82,84.584,103.58,0,0,0,0,0,0,135,1062.9,1062.9,1062.9,14.063,14.063,14.063,0,0,0,0.3125,0.3125,0.3125,0.54127,2.2455e-16,0.097656,0.097656,0.097656,0.6551,0.6551,0.6551,4.3945,4.3945,4.3945,0,0,0,0.3125,268.56,235.92,240.48,133.6,138.04,210.06,9
19.576,17.856,27.687,42.341,0,4.5703,0,0,0,0.94092,0.33105,0.10156,1.0026,2.2455e-16,0.88533,0.1096,0.010315,5.939,0.7352,0.069195,39.84,4.9319,0.46417,-1,-1,0,0.10156,197.62,101.47,87.547,156,347.16,75.247,147,0,0,0,0,0,0,135,1051.4,1051.4,1051.4,14.063,14.063,14.063,0,0,0,0.3125,0.3125,0.3125,0.54127,2.2455e-16,0.097656,0.097656,0.097656,0.6551,0.6551,0.6551,4.3945,4.3945,4.3945,0,0,0,0.3125,264.77,240.77,236.75,133.6,138.04,210.06,9
24.81,15.464,21.177,42.341,0,4.5703,0,0,0,0.94092,0.33105,0.10156,1.0026,2.2455e-16,0.88533,0.1096,0.010315,5.939,0.7352,0.069195,39.84,4.9319,0.46417,-1,-1,0,0.10156,138.19,119,94.31,167.56,101.47,73.419,192.3,0,0,0,0,0,0,135,1147.4,1147.4,1147.4,14.063,14.063,14.063,0,0,0,0.3125,0.3125,0.3125,0.54127,2.2455e-16,0.097656,0.097656,0.097656,0.6551,0.6551,0.6551,4.3945,4.3945,4.3945,0,0,0,0.3125,270.06,228.01,230.03,133.6,138.04,210.06,9
19.656,17.16,29.109,42.341,0,4.5703,0,0,0,0.94092,0.33105,0.10156,1.0026,2.2455e-16,0.88533,0.1096,0.010315,5.939,0.7352,0.069195,39.84,4.9319,0.46417,-1,-1,0,0.10156,170.3,113.69,100.94,177.28,125.72,128,200.26,0,0,0,0,0,0,135,1218.9,1218.9,1218.9,14.063,14.063,14.063,0,0,0,0.3125,0.3125,0.3125,0.54127,2.2455e-16,0.097656,0.097656,0.097656,0.6551,0.6551,0.6551,4.3945,4.3945,4.3945,0,0,0,0.3125,259.15,243.3,223.3,133.6,138.04,210.06,9
20.167,15.872,26.547,42.341,0,4.5703,0,0,0,0.94092,0.33105,0.10156,1.0026,2.2455e-16,0.88533,0.1096,0.010315,5.939,0.7352,0.069195,39.84,4.9319,0.46417,-1,-1,0,0.10156,184.59,137.27,93.289,190.09,166.25,135.35,302.11,0,0,0,0,0,0,135,1174.1,1174.1,1174.1,14.063,14.063,14.063,0,0,0,0.3125,0.3125,0.3125,0.54127,2.2455e-16,0.097656,0.097656,0.097656,0.6551,0.6551,0.6551,4.3945,4.3945,4.3945,0,0,0,0.3125,259.64,241.74,217.68,133.6,138.04,210.06,9
22.301,15.58,23.635,42.341,0,4.5703,0,0,0,0.94092,0.33105,0.10156,1.0026,2.2455e-16,0.88533,0.1096,0.010315,5.939,0.7352,0.069195,39.84,4.9319,0.46417,-1,-1,0,0.10156,196.62,119.39,92.844,168.48,274.39,67.501,182.22,0,0,0,0,0,0,135,1077,1077,1077,14.063,14.063,14.063,0,0,0,0.3125,0.3125,0.3125,0.54127,2.2455e-16,0.097656,0.097656,0.097656,0.6551,0.6551,0.6551,4.3945,4.3945,4.3945,0,0,0,0.3125,264.74,239.76,214.47,133.6,138.04,210.06,9
23.858,15.902,21.954,42.341,0,4.5703,0,0,0,0.94092,0.33105,0.10156,1.0026,2.2455e-16,0.88533,0.1096,0.010315,5.939,0.7352,0.069195,39.84,4.9319,0.46417,-1,-1,0,0.10156,165.91,107,106.5,235.41,336.84,102.45,191.45,0,0,0,0,0,0,135,1146.7,1146.7,1146.7,14.063,14.063,14.063,0,0,0,0.3125,0.3125,0.3125,0.54127,2.2455e-16,0.097656,0.097656,0.097656,0.6551,0.6551,0.6551,4.3945,4.3945,4.3945,0,0,0,0.3125,269.58,228.83,210.82,133.6,138.04,210.06,9
22.069,17.437,23.794,42.341,0,4.5703,0,0,0,0.94092,0.33105,0.10156,1.0026,2.2455e-16,0.88533,0.1096,0.010315,5.939,0.7352,0.069195,39.84,4.9319,0.46417,-1,-1,0,0.10156,156.65,114.67,181.49,242.31,219.29,89,239.58,0,0,0,0,0,0,135,1213.4,1213.4,1213.4,14.063,14.063,14.063,0,0,0,0.3125,0.3125,0.3125,0.54127,2.2455e-16,0.097656,0.097656,0.097656,0.6551,0.6551,0.6551,4.3945,4.3945,4.3945,0,0,0,0.3125,269.05,233.03,203.13,133.6,138.04,210.06,9
12.479,15.403,30.423,42.341,0,4.5703,0,0,0,0.94092,0.33105,0.10156,1.0026,2.2455e-16,0.88533,0.1096,0.010315,5.939,0.7352,0.069195,39.84,4.9319,0.46417,-1,-1,0,0.10156,232.15,209.53,100.82,411.12,285.71,118.53,163.75,0,0,0,0,0,0,135,890.6,890.6,890.6,14.063,14.063,14.063,0,0,0,0.3125,0.3125,0.3125,0.54127,2.2455e-16,0.097656,0.097656,0.097656,0.6551,0.6551,0.6551,4.3945,4.3945,4.3945,0,0,0,0.3125,255.5,252.39,196.43,133.6,138.04,210.06,9
20.232,15.907,26.664,42.341,0,4.5703,0,0,0,0.94092,0.33105,0.10156,1.0026,2.2455e-16,0.88533,0.1096,0.010315,5.939,0.7352,0.069195,39.84,4.9319,0.46417,-1,-1,0,0.10156,219.29,113.54,90.102,139,166.67,116.99,335.52,0,0,0,0,0,0,135,1080.5,1080.5,1080.5,14.063,14.063,14.063,0,0,0,0.3125,0.3125,0.3125,0.54127,2.2455e-16,0.097656,0.097656,0.097656,0.6551,0.6551,0.6551,4.3945,4.3945,4.3945,0,0,0,0.3125,260.84,246.89,189.64,133.6,138.04,210.06,9
21.623,15.904,25.888,42.341,0,4.5703,0,0,0,0.94092,0.33105,0.10156,1.0026,2.2455e-16,0.88533,0.1096,0.010315,5.939,0.7352,0.069195,39.84,4.9319,0.46417,-1,-1,0,0.10156,163.09,113.73,93.536,191.03,353.36,196.89,241.9,0,0,0,0,0,0,135,1375.9,1375.9,1375.9,14.063,14.063,14.063,0,0,0,0.3125,0.3125,0.3125,0.54127,2.2455e-16,0.097656,0.097656,0.097656,0.6551,0.6551,0.6551,4.3945,4.3945,4.3945,0,0,0,0.3125,261.82,237.06,183.23,133.6,138.04,210.06,9
24.71,14.696,22.543,42.341,0,4.5703,0,0,0,0.94092,0.33105,0.10156,1.0026,2.2455e-16,0.88533,0.1096,0.010315,5.939,0.7352,0.069195,39.84,4.9319,0.46417,-1,-1,0,0.10156,234.92,253.72,174.84,236.64,170.94,108.36,244,0,0,0,0,0,0,135,1234.9,1234.9,1234.9,14.063,14.063,14.063,0,0,0,0.3125,0.3125,0.3125,0.54127,2.2455e-16,0.097656,0.097656,0.097656,0.6551,0.6551,0.6551,4.3945,4.3945,4.3945,0,0,0,0.3125,265.56,233.49,177.51,133.6,138.04,210.06,9
24.984,13.485,21.117,42.341,0,4.5703,0,0,0,0.94092,0.33105,0.10156,1.0026,2.2455e-16,0.88533,0.1096,0.010315,5.939,0.7352,0.069195,39.84,4.9319,0.46417,-1,-1,0,0.10156,220.4,144.56,128.8,229.14,337.21,127,133.61,0,0,0,0,0,0,135,1240.6,1240.6,1240.6,14.063,14.063,14.063,0,0,0,0.3125,0.3125,0.3125,0.54127,2.2455e-16,0.097656,0.097656,0.097656,0.6551,0.6551,0.6551,4.3945,4.3945,4.3945,0,0,0,0.3125,264.72,230,167.53,133.6,138.04,210.06,9
24.704,14.545,20.217,42.341,0,4.5703,0,0,0,0.94092,0.33105,0.10156,1.0026,2.2455e-16,0.88533,0.1096,0.010315,5.939,0.7352,0.069195,39.84,4.9319,0.46417,-1,-1,0,0.10156,307,102.46,118.94,140,218.24,104.49,202.86,0,0,0,0,0,0,135,1176.9,1176.9,1176.9,14.063,14.063,14.063,0,0,0,0.3125,0.3125,0.3125,0.54127,2.2455e-16,0.097656,0.097656,0.097656,0.6551,0.6551,0.6551,4.3945,4.3945,4.3945,0,0,0,0.3125,269.16,228.15,163.86,133.6,138.04,210.06,9
25.028,14.124,15.968,42.341,0,4.5703,0,0,0,0.94092,0.33105,0.10156,1.0026,2.2455e-16,0.88533,0.1096,0.010315,5.939,0.7352,0.069195,39.84,4.9319,0.46417,-1,-1,0,0.10156,262.59,121.66,78.365,232.24,228.39,105.33,189.32,0,0,0,0,0,0,135,1165.1,1165.1,1165.1,14.063,14.063,14.063,0,0,0,0.3125,0.3125,0.3125,0.54127,2.2455e-16,0.097656,0.097656,0.097656,0.6551,0.6551,0.6551,4.3945,4.3945,4.3945,0,0,0,0.3125,274.83,214.26,155.94,133.6,138.04,210.06,9
23.332,14.779,22.57,42.341,0,4.5703,0,0,0,0.94092,0.33105,0.10156,1.0026,2.2455e-16,0.88533,0.1096,0.010315,5.939,0.7352,0.069195,39.84,4.9319,0.46417,-1,-1,0,0.10156,124.54,129,145.38,239,594,134.61,187.63,0,0,0,0,0,0,135,1300.8,1300.8,1300.8,14.063,14.063,14.063,0,0,0,0.3125,0.3125,0.3125,0.54127,2.2455e-16,0.097656,0.097656,0.097656,0.6551,0.6551,0.6551,4.3945,4.3945,4.3945,0,0,0,0.3125,262.44,236.85,144.82,133.6,138.04,210.06,9
23.524,15.458,20.383,42.341,0,4.5703,0,0,0,0.94092,0.33105,0.10156,1.0026,2.2455e-16,0.88533,0.1096,0.010315,5.939,0.7352,0.069195,39.84,4.9319,0.46417,-1,-1,0,0.10156,165.92,84.267,126.59,313.24,137.45,83.973,185.15,0,0,0,0,0,0,135,1021.3,1021.3,1021.3,14.063,14.063,14.063,0,0,0,0.3125,0.3125,0.3125,0.54127,2.2455e-16,0.097656,0.097656,0.097656,0.6551,0.6551,0.6551,4.3945,4.3945,4.3945,0,0,0,0.3125,271.54,223.55,148.52,133.6,138.04,210.06,9
25.268,16.961,16.026,42.341,0,4.5703,0,0,0,0.94092,0.33105,0.10156,1.0026,2.2455e-16,0.88533,0.1096,0.010315,5.939,0.7352,0.069195,39.84,4.9319,0.46417,-1,-1,0,0.10156,211.91,188.11,119.58,232.89,287.44,66.883,221.42,0,0,0,0,0,0,135,1062.4,1062.4,1062.4,14.063,14.063,14.063,0,0,0,0.3125,0.3125,0.3125,0.54127,2.2455e-16,0.097656,0.097656,0.097656,0.6551,0.6551,0.6551,4.3945,4.3945,4.3945,0,0,0,0.3125,280.33,229.1,146.2,133.6,138.04,210.06,9
20.41,30.99,8.166,42.341,0,4.5703,0,0,0,0.94092,0.33105,0.10156,1.0026,2.2455e-16,0.88533,0.1096,0.010315,5.939,0.7352,0.069195,39.84,4.9319,0.46417,-1,-1,0,0.10156,87.127,47.984,57.178,56.686,119.64,54.157,220.98,0,0,0,0,0,0,135,1471.1,1471.1,1471.1,14.063,14.063,14.063,0,0,0,0.3125,0.3125,0.3125,0.54127,2.2455e-16,0.097656,0.097656,0.097656,0.6551,0.6551,0.6551,4.3945,4.3945,4.3945,0,0,0,0.3125,319.76,213.03,174.67,133.6,138.04,210.06,10
20.637,29.847,8.3901,42.341,0,4.5703,0,0,0,0.94092,0.33105,0.10156,1.0026,2.2455e-16,0.88533,0.1096,0.010315,5.939,0.7352,0.069194,39.84,4.9319,0.46417,-1,-1,0,0.10156,68.358,60.506,99.539,66,59.925,35.271,84.351,0,0,0,0,0,0,135,1459.2,1459.2,1459.2,14.063,14.063,14.063,0,0,0,0.3125,0.3125,0.3125,0.54127,2.2455e-16,0.097656,0.097656,0.097656,0.6551,0.6551,0.6551,4.3945,4.3945,4.3945,0,0,0,0.3125,319.82,217.24,169.23,133.6,138.04,210.06,10
13.12,35.699,7.5005,42.341,0,4.5703,0,0,0,0.94092,0.33105,0.10156,1.0026,2.2455e-16,0.88533,0.1096,0.010315,5.939,0.7352,0.069194,39.84,4.9319,0.46417,-1,-1,0,0.10156,89.548,107.95,93.832,56.754,118.55,49,112,0,0,0,0,0,0,135,1087.4,1087.4,1087.4,14.063,14.063,14.063,0,0,0,0.3125,0.3125,0.3125,0.54127,2.2455e-16,0.097656,0.097656,0.097656,0.6551,0.6551,0.6551,4.3945,4.3945,4.3945,0,0,0,0.3125,324.28,239.6,179.78,133.6,138.04,210.06,10
19.006,31.069,5.2568,42.341,0,4.5703,0,0,0,0.94092,0.33105,0.10156,1.0026,2.2455e-16,0.88533,0.1096,0.010315,5.939,0.7352,0.069195,39.84,4.9319,0.46417,-1,-1,0,0.10156,90.61,61,160,71,271,100,174.48,0,0,0,0,0,0,135,1477.8,1477.8,1477.8,14.063,14.063,14.063,0,0,0,0.3125,0.3125,0.3125,0.54127,2.2455e-16,0.097656,0.097656,0.097656,0.6551,0.6551,0.6551,4.3945,4.3945,4.3945,0,0,0,0.3125,325.64,227.52,166.62,133.6,138.04,210.06,10
16.628,32.666,5.8042,42.341,0,4.5703,0,0,0,0.94092,0.33105,0.10156,1.0026,2.2455e-16,0.88533,0.1096,0.010315,5.939,0.7352,0.069195,39.84,4.9319,0.46417,-1,-1,0,0.10156,93.001,87.437,84.681,43.4,92.641,72.555,169.51,0,0,0,0,0,0,135,922.51,922.51,922.51,14.063,14.063,14.063,0,0,0,0.3125,0.3125,0.3125,0.54127,2.2455e-16,0.097656,0.097656,0.097656,0.6551,0.6551,0.6551,4.3945,4.3945,4.3945,0,0,0,0.3125,326.91,237.89,167.81,133.6,138.04,210.06,10
20.976,29.123,6.0615,42.341,0,4.5703,0,0,0,0.94092,0.33105,0.10156,1.0026,2.2455e-16,0.88533,0.1096,0.010315,5.939,0.7352,0.069195,39.84,4.9319,0.46417,-1,-1,0,0.10156,86.187,85.358,94.248,56.578,63.473,57,146.55,0,0,0,0,0,0,135,1395.7,1395.7,1395.7,14.063,14.063,14.063,0,0,0,0.3125,0.3125,0.3125,0.54127,2.2455e-16,0.097656,0.097656,0.097656,0.6551,0.6551,0.6551,4.3945,4.3945,4.3945,0,0,0,0.3125,320.67,210.31,147.25,133.6,138.04,210.06,10
19.416,28.532,4.7725,41.4,14.566,4.4688,0.94092,0.33105,0.10156,0.9304,0.32736,0.10043,0.98034,0.14946,0.86565,0.10716,0.010086,5.675,0.70252,0.066119,38.954,4.8223,0.45386,-6.4825,6.4825,-6.4825,0.099306,93,58.365,102,40.864,198.7,61.84,147.37,44,88,132,44,132,0,132,1402.5,1402.5,1402.5,13.75,13.75,13.75,0.3125,0.3125,0.3125,0.30901,0.30901,0.30901,0.52924,0.080687,0.095486,0.095486,0.095486,0.62598,0.62598,0.62598,4.2969,4.2969,4.2969,-6.4825,-6.4825,-6.4825,0.30556,315.73,199.54,135.66,130.63,134.97,205.4,10
10.7,36.882,4.6576,42.341,0,4.5703,0,0,0,0.94092,0.33105,0.10156,1.0026,2.2455e-16,0.88533,0.1096,0.010315,5.939,0.7352,0.069194,39.84,4.9319,0.46417,-1,-1,0,0.10156,68.287,68.848,46.371,49.882,165.76,88.843,79.228,0,0,0,0,0,0,135,1180.4,1180.4,1180.4,14.063,14.063,14.063,0,0,0,0.3125,0.3125,0.3125,0.54127,2.2455e-16,0.097656,0.097656,0.097656,0.6551,0.6551,0.6551,4.3945,4.3945,4.3945,0,0,0,0.3125,333.9,244.79,149.99,133.6,138.04,210.06,10
15.835,33.525,6.1025,42.341,0,4.5703,0,0,0,0.94092,0.33105,0.10156,1.0026,2.2455e-16,0.88533,0.1096,0.010315,5.939,0.7352,0.069195,39.84,4.9319,0.46417,-1,-1,0,0.10156,103,61.437,146.14,55.077,244.01,80.666,123.89,0,0,0,0,0,0,135,1562.6,1562.6,1562.6,14.063,14.063,14.063,0,0,0,0.3125,0.3125,0.3125,0.54127,2.2455e-16,0.097656,0.097656,0.097656,0.6551,0.6551,0.6551,4.3945,4.3945,4.3945,0,0,0,0.3125,327.89,228.44,138.99,133.6,138.04,210.06,10
10.51,37.542,5.0842,42.341,0,4.5703,0,0,0,0.94092,0.33105,0.10156,1.0026,2.2455e-16,0.88533,0.1096,0.010315,5.939,0.7352,0.069195,39.84,4.9319,0.46417,-1,-1,0,0.10156,77.119,85.735,90,53.275,211.63,59.758,141.51,0,0,0,0,0,0,135,1332.1,1332.1,1332.1,14.063,14.063,14.063,0,0,0,0.3125,0.3125,0.3125,0.54127,2.2455e-16,0.097656,0.097656,0.097656,0.6551,0.6551,0.6551,4.3945,4.3945,4.3945,0,0,0,0.3125,332.49,242.2,141.63,133.6,138.04,210.06,10
18.594,32.098,5.0189,42.341,0,4.5703,0,0,0,0.94092,0.33105,0.10156,1.0026,2.2455e-16,0.88533,0.1096,0.010315,5.939,0.7352,0.069195,39.84,4.9319,0.46417,-1,-1,0,0.10156,81.162,100.45,104.09,80,204.4,69.547,169.89,0,0,0,0,0,0,135,1914.6,1914.6,1914.6,14.063,14.063,14.063,0,0,0,0.3125,0.3125,0.3125,0.54127,2.2455e-16,0.097656,0.097656,0.097656,0.6551,0.6551,0.6551,4.3945,4.3945,4.3945,0,0,0,0.3125,328.2,221.02,125.77,133.6,138.04,210.06,10
20.625,29.352,6.0396,42.341,0,4.5703,0,0,0,0.94092,0.33105,0.10156,1.0026,2.2455e-16,0.88533,0.1096,0.010315,5.939,0.7352,0.069195,39.84,4.9319,0.46417,-1,-1,0,0.10156,59.855,64.899,118.84,51.741,157.24,116.84,187.77,0,0,0,0,0,0,135,1328,1328,1328,14.063,14.063,14.063,0,0,0,0.3125,0.3125,0.3125,0.54127,2.2455e-16,0.097656,0.097656,0.097656,0.6551,0.6551,0.6551,4.3945,4.3945,4.3945,0,0,0,0.3125,320.67,208.32,110.3,133.6,138.04,210.06,10
19.908,29.59,5.127,42.341,0,4.5703,0,0,0,0.94092,0.33105,0.10156,1.0026,2.2455e-16,0.88533,0.1096,0.010315,5.939,0.7352,0.069195,39.84,4.9319,0.46417,-1,-1,0,0.10156,104.25,86.394,65.56,44.12,100.59,191.59,106.53,0,0,0,0,0,0,135,1425.3,1425.3,1425.3,14.063,14.063,14.063,0,0,0,0.3125,0.3125,0.3125,0.54127,2.2455e-16,0.097656,0.097656,0.097656,0.6551,0.6551,0.6551,4.3945,4.3945,4.3945,0,0,0,0.3125,323.08,207.55,105.16,133.6,138.04,210.06,10
20.259,30.499,4.4229,42.341,0,4.5703,0,0,0,0.94092,0.33105,0.10156,1.0026,2.2455e-16,0.88533,0.1096,0.010315,5.939,0.7352,0.069195,39.84,4.9319,0.46417,-1,-1,0,0.10156,162.01,90,58.777,66,199.3,121.4,116.93,0,0,0,0,0,0,135,1575.1,1575.1,1575.1,14.063,14.063,14.063,0,0,0,0.3125,0.3125,0.3125,0.54127,2.2455e-16,0.097656,0.097656,0.097656,0.6551,0.6551,0.6551,4.3945,4.3945,4.3945,0,0,0,0.3125,324.42,210.9,103.02,133.6,138.04,210.06,10
20.785,29.193,6.4165,42.341,0,4.5703,0,0,0,0.94092,0.33105,0.10156,1.0026,2.2455e-16,0.88533,0.1096,0.010315,5.939,0.7352,0.069195,39.84,4.9319,0.46417,-1,-1,0,0.10156,88.436,47.912,122.17,48.313,235.95,101.2,167.68,0,0,0,0,0,0,135,1448.3,1448.3,1448.3,14.063,14.063,14.063,0,0,0,0.3125,0.3125,0.3125,0.54127,2.2455e-16,0.097656,0.097656,0.097656,0.6551,0.6551,0.6551,4.3945,4.3945,4.3945,0,0,0,0.3125,322.31,208.2,94.166,133.6,138.04,210.06,10
20.784,28.122,6.8755,42.341,0,4.5703,0,0,0,0.94092,0.33105,0.10156,1.0026,2.2455e-16,0.88533,0.1096,0.010315,5.939,0.7352,0.069195,39.84,4.9319,0.46417,-1,-1,0,0.10156,131,66.329,71.944,43.82,107.56,84.555,175.2,0,0,0,0,0,0,135,1371.2,1371.2,1371.2,14.063,14.063,14.063,0,0,0,0.3125,0.3125,0.3125,0.54127,2.2455e-16,0.097656,0.097656,0.097656,0.6551,0.6551,0.6551,4.3945,4.3945,4.3945,0,0,0,0.3125,320.65,205.77,100.14,133.6,138.04,210.06,10
20.909,28.851,6.7744,42.341,0,4.5703,0,0,0,0.94092,0.33105,0.10156,1.0026,2.2455e-16,0.88533,0.1096,0.010315,5.939,0.7352,0.069195,39.84,4.9319,0.46417,-1,-1,0,0.10156,86.905,76.684,126.25,75,174.54,71.382,118.33,0,0,0,0,0,0,135,1527.4,1527.4,1527.4,14.063,14.063,14.063,0,0,0,0.3125,0.3125,0.3125,0.54127,2.2455e-16,0.097656,0.097656,0.097656,0.6551,0.6551,0.6551,4.3945,4.3945,4.3945,0,0,0,0.3125,321.28,208.31,106.46,133.6,138.04,210.06,10
20.703,29.295,7.3125,42.341,0,4.5703,0,0,0,0.94092,0.33105,0.10156,1.0026,2.2455e-16,0.88533,0.1096,0.010315,5.939,0.7352,0.069195,39.84,4.9319,0.46417,-1,-1,0,0.10156,121.88,66.346,144.8,42,188.3,117.62,169.44,0,0,0,0,0,0,135,1507.3,1507.3,1507.3,14.063,14.063,14.063,0,0,0,0.3125,0.3125,0.3125,0.54127,2.2455e-16,0.097656,0.097656,0.097656,0.6551,0.6551,0.6551,4.3945,4.3945,4.3945,0,0,0,0.3125,319.87,208.81,117.2,133.6,138.04,210.06,10
18.351,30.842,3.2582,42.341,0,4.5703,0,0,0,0.94092,0.33105,0.10156,1.0026,2.2455e-16,0.88533,0.1096,0.010315,5.939,0.7352,0.069195,39.84,4.9319,0.46417,-1,-1,0,0.10156,184.15,76.839,128,69.267,174.65,120.79,129.15,0,0,0,0,0,0,135,1631.4,1631.4,1631.4,14.063,14.063,14.063,0,0,0,0.3125,0.3125,0.3125,0.54127,2.2455e-16,0.097656,0.097656,0.097656,0.6551,0.6551,0.6551,4.3945,4.3945,4.3945,0,0,0,0.3125,329.94,201.33,122.41,133.6,138.04,210.06,10
18.405,31.031,4.4265,42.341,0,4.5703,0,0,0,0.94092,0.33105,0.10156,1.0026,2.2455e-16,0.88533,0.1096,0.010315,5.939,0.7352,0.069195,39.84,4.9319,0.46417,-1,-1,0,0.10156,87.805,60,134,104.37,206,139.82,161.04,0,0,0,0,0,0,135,1752.3,1752.3,1752.3,14.063,14.063,14.063,0,0,0,0.3125,0.3125,0.3125,0.54127,2.2455e-16,0.097656,0.097656,0.097656,0.6551,0.6551,0.6551,4.3945,4.3945,4.3945,0,0,0,0.3125,328.62,204.6,132.55,133.6,138.04,210.06,10
