dataMat1,dataMat2,dataMat3,dataMat4,dataMat5,dataMat6,dataMat7,dataMat8,dataMat9,dataMat10,dataMat11,dataMat12,dataMat13,dataMat14,dataMat15,dataMat16,dataMat17,dataMat18,dataMat19,dataMat20,dataMat21,dataMat22,dataMat23,dataMat24,dataMat25,dataMat26,dataMat27,dataMat28,dataMat29,dataMat30,dataMat31,dataMat32,dataMat33,dataMat34,dataMat35,dataMat36,dataMat37,dataMat38,dataMat39,dataMat40,dataMat41,dataMat42,dataMat43,dataMat44,dataMat45,dataMat46
"FATHER1_ALX",-0.990723,-0.985352,-0.989746,-0.992188,-0.99707,-1.04932,-1.16357,-1.24268,-1.23096,-0.993164,-0.446777,0.188965,0.257812,0.387695,0.504394,0.734375,0.825684,0.873047,0.898926,0.847656,0.842285,0.855957,0.768555,0.753906,0.5625,0.578613,0.640137,0.490234,0.556152,0.238769,-0.113281,-0.27002,-0.516113,-0.606934,-1.01611,-1.07031,-1.22607,-1.21094,-1.01611,-0.938965,-0.98584,-1.01074,-0.992676,-0.983887,-0.992188
"FATHER1_ALY",-0.135254,-0.125,-0.117676,-0.125,-0.126465,-0.247559,-0.297363,-0.359375,-0.224609,-0.213867,-0.172363,-0.257812,-0.325195,-0.315918,-0.401367,-0.361328,-0.397461,-0.546387,-0.447266,-0.442871,-0.434082,-0.547852,-0.456543,-0.468262,-0.480957,-0.354004,-0.352051,-0.390137,-0.381836,-0.393066,-0.318848,-0.223633,-0.353516,-0.171387,-0.100586,-0.103027,-0.287598,-0.307617,-0.153809,-0.168457,-0.138184,-0.101074,-0.126953,-0.134766,-0.145019
"FATHER1_ALZ",0.269043,0.260254,0.268555,0.266113,0.269043,0.32959,0.595215,1.04639,1.23193,1.2085,0.959473,0.564453,0.417969,0.335449,0.283691,0.199219,0.115723,0.0322266,0.26123,0.351074,0.257324,0.0727539,0.250977,0.279785,0.274414,0.359863,0.542481,0.649902,0.890137,1.04297,1.08154,0.944336,0.974609,0.787109,0.662598,0.480469,0.300293,0.223633,0.271484,0.257812,0.229492,0.214356,0.217773,0.213867,0.229004
"FATHER1_ARX",-0.930664,-0.933106,-0.929199,-0.925781,-0.928223,-0.944336,-0.929199,-0.891602,-0.960938,-0.96582,-0.930664,-0.921875,-0.932129,-0.92041,-0.936523,-0.932129,-0.941894,-0.954102,-0.933106,-0.925293,-0.932617,-0.942871,-0.925781,-0.928711,-0.926269,-0.932617,-0.960938,-1.00098,-0.87793,-0.867188,-0.869629,-0.861816,-0.937988,-0.952148,-0.950195,-0.950195,-0.94043,-0.908203,-0.917969,-0.933106,-0.945801,-0.943359,-0.933594,-0.939941,-0.933106
"FATHER1_ARY",0.331543,0.335449,0.319336,0.328125,0.327148,0.334473,0.320801,0.300781,0.353027,0.310059,0.297363,0.333496,0.334961,0.320312,0.301758,0.371582,0.34375,0.34082,0.348633,0.324707,0.319824,0.312012,0.322266,0.32373,0.325195,0.320312,0.325195,0.363281,0.408691,0.400879,0.410156,0.352051,0.304688,0.369141,0.395996,0.339844,0.325684,0.352539,0.313965,0.315918,0.303223,0.312012,0.32373,0.295898,0.318848
"FATHER1_ARZ",-0.155762,-0.150879,-0.154785,-0.160644,-0.153809,-0.165527,-0.162109,-0.142578,-0.145508,-0.160156,-0.166504,-0.15332,-0.141113,-0.136719,-0.10791,-0.147461,-0.149414,-0.15332,-0.159668,-0.155762,-0.150879,-0.141602,-0.158203,-0.148438,-0.151367,-0.145996,-0.158203,-0.117188,-0.137695,-0.121582,-0.113769,-0.128418,-0.118652,-0.119141,-0.12793,-0.140137,-0.118652,-0.124512,-0.118164,-0.139648,-0.147949,-0.160156,-0.151367,-0.155273,-0.161133
"FATHER1_EMG0L",-3,0,8,-1,-2,-1,0,-1,-1,-8,13,1,-3,-8,9,-9,-9,-6,-4,2,6,-4,4,2,-1,1,-2,0,1,-2,-2,-9,6,-9,12,5,3,-15,-8,1,-8,0,-3,0,3
"FATHER1_EMG1L",-3,-2,5,0,0,0,-1,-6,4,-3,11,3,-1,-5,9,6,-10,-6,-2,-1,-2,-1,-1,-1,-6,-2,4,-1,2,-2,-3,-5,2,-6,2,-1,1,-3,7,-4,-14,3,0,0,1
"FATHER1_EMG2L",-2,-2,0,-1,-3,6,-19,10,17,-27,14,8,-1,-5,16,15,-17,-5,-6,6,-20,6,3,5,-5,-2,11,-4,9,-7,-6,-3,2,-15,-9,-4,-4,-10,24,-10,-14,6,7,3,-4
"FATHER1_EMG3L",-2,0,0,-1,-3,7,19,1,0,15,5,0,-9,3,6,8,-9,-2,-3,-9,-8,2,0,3,-6,1,0,1,8,-8,-3,-11,0,3,2,0,-3,-4,4,-1,-3,-1,-1,1,1
"FATHER1_EMG4L",-2,-2,-1,1,-4,-3,17,-12,-3,3,3,-6,-4,5,-2,1,-11,-1,-4,-3,-4,3,-8,-3,-1,1,-4,2,3,1,-7,-3,-1,-1,2,2,-1,-1,2,2,-4,-1,-1,0,0
"FATHER1_EMG5L",2,-2,-1,5,-6,-1,7,-11,4,3,9,18,-5,4,-13,9,-5,22,-7,-16,-18,10,-1,15,3,-4,-16,2,5,0,-3,-9,10,-1,-1,5,3,3,-2,3,-4,-3,1,0,-1
"FATHER1_EMG6L",-2,-1,0,-1,-1,-1,0,-3,-8,9,-6,-3,-8,5,16,4,-1,12,-11,1,13,-8,3,-2,7,-1,0,8,3,11,-8,-13,-2,-8,0,5,1,-1,-1,0,-3,-2,0,-2,0
"FATHER1_EMG7L",0,-3,-3,-2,-1,-2,-2,-3,-3,-2,2,-11,-3,-12,14,-7,1,3,-4,-6,-9,4,0,0,1,0,-3,1,-2,-2,0,-5,7,-9,3,1,5,-2,-5,1,-3,-2,0,-1,3
"FATHER1_EMG0R",-1,0,1,-1,2,-1,-1,0,0,-2,-2,-4,-1,-3,0,0,-1,-5,2,-2,2,-1,-2,-1,0,1,1,0,3,-1,0,3,0,1,3,2,-2,1,-1,-3,-1,0,-1,0,-1
"FATHER1_EMG1R",-2,-2,-1,2,2,0,-2,-1,0,0,-2,-1,-1,-1,-1,1,0,-5,1,-2,-2,0,-2,-1,-1,1,-1,-2,0,-2,-1,-1,-2,-1,0,1,-1,0,-3,-4,0,-2,0,-1,0
"FATHER1_EMG2R",-1,-1,-1,0,-1,-1,0,0,-1,-1,-1,0,-2,-3,-1,-1,-1,-2,0,-2,0,-2,-2,-2,-1,-1,-1,-3,1,1,-3,-4,-4,-3,1,-1,-4,0,-2,-1,-1,-1,-1,1,-2
"FATHER1_EMG3R",-1,0,-1,-2,1,-2,0,-1,-1,0,-1,-1,0,-2,-2,1,1,-1,-1,0,0,-1,-1,-1,-1,-1,-1,1,-2,0,-2,-2,-2,-1,0,-2,-1,-2,-2,-1,-2,-2,-1,0,0
"FATHER1_EMG4R",0,0,0,-1,-1,0,-2,0,-2,0,-1,-4,0,0,-2,0,-1,0,-1,1,0,-1,-3,-1,1,-1,-2,-1,-9,-1,-4,-1,-1,-2,-1,-1,-1,-1,-1,-1,-2,-2,1,-1,-1
"FATHER1_EMG5R",1,-1,0,0,-2,1,-2,-2,-1,-1,-1,0,-1,-1,-2,-1,-2,-1,0,-2,-3,0,-2,0,0,-1,0,-1,-10,-1,-1,-2,-1,-1,0,1,-1,1,0,-2,-1,0,-2,0,0
"FATHER1_EMG6R",-2,-1,-2,-1,-1,0,-1,-3,-3,1,-2,0,-2,-3,1,-2,-1,-1,-3,-1,-1,-3,0,0,-2,0,2,-1,-3,-1,0,0,-3,-1,1,2,-1,0,0,-2,0,-1,-1,-1,1
"FATHER1_EMG7R",1,1,-2,-1,0,-1,-3,-3,-2,0,1,0,2,-3,-2,-2,-2,-1,0,-3,-3,-2,0,-2,0,0,1,0,2,-1,0,7,2,-1,6,3,-4,0,0,1,-1,-2,-1,-1,0
"FATHER1_GLX",2.75,-1.5,4.6875,1.375,2.5,21,39.8125,15.8125,-23.5,-67.1875,-42.5625,-87.3125,-55.375,-33.625,-7.4375,-5.4375,27.3125,-17.875,22.0625,9.125,8.625,-3.625,-17,21.9375,13.1875,20.9375,47.5,53.75,76.0625,89.3125,24.4375,49.8125,-7.3125,-20.625,-25.5625,-97.0625,-53.1875,10.6875,7.125,-6.8125,-4.3125,-8.25,-0.125,-1.375,-3.875
"FATHER1_GLY",2.75,-1.5,4.6875,1.375,2.5,21,39.8125,15.8125,-23.5,-67.1875,-42.5625,-87.3125,-55.375,-33.625,-7.4375,-5.4375,27.3125,-17.875,22.0625,9.125,8.625,-3.625,-17,21.9375,13.1875,20.9375,47.5,53.75,76.0625,89.3125,24.4375,49.8125,-7.3125,-20.625,-25.5625,-97.0625,-53.1875,10.6875,7.125,-6.8125,-4.3125,-8.25,-0.125,-1.375,-3.875
"FATHER1_GLZ",2.75,-1.5,4.6875,1.375,2.5,21,39.8125,15.8125,-23.5,-67.1875,-42.5625,-87.3125,-55.375,-33.625,-7.4375,-5.4375,27.3125,-17.875,22.0625,9.125,8.625,-3.625,-17,21.9375,13.1875,20.9375,47.5,53.75,76.0625,89.3125,24.4375,49.8125,-7.3125,-20.625,-25.5625,-97.0625,-53.1875,10.6875,7.125,-6.8125,-4.3125,-8.25,-0.125,-1.375,-3.875
"FATHER1_GRX",6.625,4.5625,0.9375,-0.8125,-1.125,2.25,3.1875,8.3125,11.8125,-2.125,-2.125,-8.375,-28.5,-42.6875,-11.5,9.6875,-1.9375,5.3125,0.4375,-0.125,-1.3125,-2.1875,3.5,0.625,-1.9375,-6.25,-14,-14.0625,17.0625,15.4375,5.8125,-13.25,1.5,20.3125,-11.125,-9.6875,30.3125,1.25,-0.3125,0.875,6.3125,1.375,-5.375,-1.625,-0.4375
"FATHER1_GRY",6.625,4.5625,0.9375,-0.8125,-1.125,2.25,3.1875,8.3125,11.8125,-2.125,-2.125,-8.375,-28.5,-42.6875,-11.5,9.6875,-1.9375,5.3125,0.4375,-0.125,-1.3125,-2.1875,3.5,0.625,-1.9375,-6.25,-14,-14.0625,17.0625,15.4375,5.8125,-13.25,1.5,20.3125,-11.125,-9.6875,30.3125,1.25,-0.3125,0.875,6.3125,1.375,-5.375,-1.625,-0.4375
"FATHER1_GRZ",6.625,4.5625,0.9375,-0.8125,-1.125,2.25,3.1875,8.3125,11.8125,-2.125,-2.125,-8.375,-28.5,-42.6875,-11.5,9.6875,-1.9375,5.3125,0.4375,-0.125,-1.3125,-2.1875,3.5,0.625,-1.9375,-6.25,-14,-14.0625,17.0625,15.4375,5.8125,-13.25,1.5,20.3125,-11.125,-9.6875,30.3125,1.25,-0.3125,0.875,6.3125,1.375,-5.375,-1.625,-0.4375
"FATHER1_ORL",4.31063,4.31564,4.32193,4.32486,4.32757,4.33879,4.43672,4.51066,4.52335,4.47441,4.41072,4.08759,3.79746,3.48475,3.22255,3.04737,2.90308,2.86774,3.02195,3.13282,3.1117,3.02373,3.09915,3.16349,3.32062,3.51009,3.81089,4.02869,4.2286,4.40205,4.49221,4.55793,4.53439,4.53647,4.45439,4.281,3.88504,3.53538,3.80572,3.95723,3.97811,4.00228,4.0671,4.09637,4.09938
"FATHER1_OPL",7.04482,7.04495,7.045,7.04408,7.04257,7.03056,6.9424,6.70315,6.09812,5.68544,5.00966,4.01607,3.63867,3.42849,3.34465,3.31114,3.28526,3.26296,3.28047,3.31051,3.32189,3.3047,3.30918,3.33065,3.3864,3.47203,3.71263,4.00418,4.36416,4.83521,5.18334,5.52688,5.86961,6.30183,6.61067,6.90341,7.12091,7.20925,7.20611,7.16473,7.13862,7.12521,7.10631,7.09461,7.09184
"FATHER1_OYL",6.39024,6.38989,6.39106,6.39061,6.38697,6.38127,6.40837,6.46826,6.49954,6.51752,6.58469,6.83387,7.08149,7.38955,7.67136,7.88349,8.0692,8.09184,7.95174,7.85327,7.90838,7.99514,7.91519,7.85856,7.69468,7.52409,7.2491,7.05796,6.89761,6.76396,6.69645,6.65884,6.6144,6.58491,6.55403,6.49,6.21203,5.87081,6.07535,6.23208,6.26324,6.296,6.36618,6.39849,6.41038
"FATHER1_ORR",8.13465,8.15602,8.15675,8.15416,8.15,8.16125,8.1746,8.16962,8.17517,8.15533,8.10693,8.06125,8.01725,8.01048,8.04916,8.12322,8.17464,8.203,8.20686,8.19063,8.16334,8.13747,8.12021,8.1128,8.11645,8.12359,8.12649,8.02795,7.95116,7.89962,7.88023,7.90086,7.95337,8.0059,7.98198,7.92089,7.99443,8.03921,8.05209,8.09157,8.13901,8.17541,8.17145,8.16771,8.16978
"FATHER1_OPR",6.90612,6.90331,6.90104,6.90019,6.90144,6.90256,6.90529,6.90877,6.91142,6.90898,6.89966,6.88741,6.88193,6.89637,6.92268,6.92848,6.93431,6.94035,6.93442,6.92271,6.9036,6.89323,6.88723,6.88907,6.89773,6.91044,6.9248,6.91454,6.87601,6.8285,6.79347,6.80294,6.83616,6.87592,6.90248,6.9114,6.90388,6.89487,6.90711,6.93195,6.9422,6.93981,6.93252,6.92724,6.92245
"FATHER1_OYR",6.06783,6.07505,6.07158,6.06781,6.06528,6.0747,6.08192,6.06561,6.03454,6.01191,5.96284,5.92027,5.92924,5.99101,6.09707,6.1707,6.22011,6.24376,6.24311,6.22743,6.19692,6.17208,6.14918,6.13511,6.14016,6.15609,6.17863,6.10977,6.00113,5.91623,5.86482,5.90163,5.96009,5.96583,5.94437,5.9044,5.92622,5.95193,5.97062,6.01095,6.05314,6.07934,6.08103,6.08385,6.08487
"FATHER2_ALX",-0.992676,-0.987793,-0.995117,-0.986816,-0.986816,-0.990723,-1.02881,-1.16016,-1.18555,-1.0332,-0.867188,-0.527832,0.00146484,0.24707,0.348145,0.475098,0.57959,0.689453,0.723633,0.761719,0.797852,0.837402,0.895019,0.838867,0.92041,0.880859,0.835449,0.8125,0.803711,0.819336,0.722656,0.677734,0.709961,0.557129,0.436035,0.394531,0.530762,0.114258,0.0117188,-0.512207,-0.722656,-0.882324,-1.03125,-1.09522,-1.0625
"FATHER2_ALY",-0.146484,-0.134766,-0.140625,-0.149902,-0.145019,-0.133789,-0.297363,-0.326172,-0.332031,-0.210938,-0.241211,-0.167969,-0.263672,-0.299805,-0.32666,-0.367188,-0.391113,-0.387207,-0.444336,-0.458496,-0.458008,-0.409668,-0.481934,-0.403809,-0.455078,-0.449219,-0.410645,-0.354492,-0.461914,-0.501953,-0.474121,-0.300781,-0.467285,-0.364258,-0.333496,-0.413086,-0.306641,-0.272461,-0.364258,-0.328125,-0.0708008,-0.306641,-0.145019,-0.233887,-0.224609
"FATHER2_ALZ",0.251465,0.245606,0.25,0.253906,0.26123,0.257812,0.296387,0.532715,0.725586,0.959961,1.0459,1.06397,0.849121,0.671387,0.571289,0.450684,0.383789,0.319824,0.327148,0.294434,0.27832,0.246582,0.313965,0.309082,0.168945,0.238769,0.370117,0.423828,0.290039,0.0615234,0.29834,0.383789,0.417969,0.506348,0.659668,0.685547,0.907227,0.941894,1.01514,1.02637,0.821777,0.782227,0.561523,0.462402,0.455566
"FATHER2_ARX",-0.933594,-0.930664,-0.94043,-0.9375,-0.936523,-0.9375,-0.949707,-0.928711,-0.925293,-0.952637,-0.947754,-0.939941,-0.937012,-0.939453,-0.937012,-0.929199,-0.924805,-0.936035,-0.941894,-0.936523,-0.925781,-0.925781,-0.930664,-0.927734,-0.926758,-0.942871,-0.926758,-0.933106,-0.929199,-0.937012,-0.939453,-0.942871,-0.925781,-0.940918,-0.941406,-0.920898,-0.930664,-0.939941,-0.921875,-0.953613,-0.939941,-0.951172,-0.949219,-0.94043,-0.918945
"FATHER2_ARY",0.318848,0.317871,0.321777,0.316406,0.31543,0.314941,0.3125,0.317383,0.305176,0.317871,0.300781,0.307129,0.328613,0.321777,0.29834,0.328613,0.338379,0.331543,0.318359,0.328125,0.319336,0.322266,0.318848,0.321777,0.330566,0.324707,0.322266,0.330078,0.316406,0.322754,0.318848,0.319824,0.337891,0.320801,0.30957,0.334473,0.300293,0.336426,0.345703,0.321289,0.293945,0.304199,0.29834,0.308594,0.29248
"FATHER2_ARZ",-0.148438,-0.147949,-0.14209,-0.141602,-0.144043,-0.150879,-0.149414,-0.143066,-0.139648,-0.146484,-0.147461,-0.153809,-0.154785,-0.146484,-0.144043,-0.137207,-0.143066,-0.133789,-0.137207,-0.147949,-0.147461,-0.154785,-0.155273,-0.152344,-0.139648,-0.150391,-0.147949,-0.151856,-0.149414,-0.151856,-0.143066,-0.141602,-0.141602,-0.138672,-0.145019,-0.135254,-0.12793,-0.140625,-0.14209,-0.146484,-0.14209,-0.145508,-0.152344,-0.15918,-0.146973
"FATHER2_EMG0L",-5,0,-2,-1,-1,-1,1,-1,-1,-2,1,-1,-1,1,1,-3,-2,1,-2,-7,-2,2,-11,-7,2,-5,-3,1,-9,0,1,1,-7,3,-2,-1,0,0,0,3,-3,2,2,-1,20
"FATHER2_EMG1L",-11,2,0,5,-1,1,-2,-4,-1,2,-1,-1,-4,0,-3,0,1,1,-1,-6,-1,3,-2,-3,1,-1,2,-4,-6,2,2,1,3,-2,-3,-2,2,-7,3,-2,-1,0,-4,-3,8
"FATHER2_EMG2L",-9,3,3,11,-3,1,-4,-7,4,8,-19,-3,-9,8,-7,-3,1,12,0,-10,-3,5,-5,-5,5,-19,3,-6,-8,6,5,5,-1,-8,-1,-3,3,-38,6,-6,2,2,6,-3,6
"FATHER2_EMG3L",-3,0,0,0,-1,-2,-10,-1,-37,12,-13,-11,3,7,-4,-2,3,1,-2,-1,2,-4,-2,-1,9,-4,-4,1,2,3,-1,-1,0,-1,-5,-1,-1,-36,-1,2,2,1,-2,-4,4
"FATHER2_EMG4L",0,1,-2,0,-1,0,-1,-2,-4,2,-3,-8,0,0,-16,-1,3,-2,-2,-3,6,-3,2,-2,10,7,6,0,5,1,-4,-6,-4,1,-4,-3,2,-6,-3,0,0,-1,-1,-2,3
"FATHER2_EMG5L",0,-3,-1,0,3,4,-1,4,7,5,-8,-37,17,-3,-22,-9,-16,10,-1,6,1,-21,-25,-1,-8,12,-7,3,14,-18,2,-19,-5,3,0,-8,-2,-4,-8,-2,-8,-6,-1,0,1
"FATHER2_EMG6L",0,-1,-3,-1,-1,-1,-9,2,2,1,-3,-5,-1,3,-11,-4,1,8,-3,-11,-12,-4,11,6,-11,0,-30,-14,27,-25,-24,-21,0,7,4,0,-4,-2,-2,0,-2,-4,0,-2,1
"FATHER2_EMG7L",-2,0,0,1,-2,-3,-1,1,-1,0,0,0,-1,-4,1,-3,0,1,-1,-8,-8,0,-4,11,-4,-3,-5,3,-11,-6,-1,-3,-2,2,2,0,2,6,3,5,-1,0,8,-1,3
"FATHER2_EMG0R",-1,2,-1,-2,0,0,-3,-5,1,-1,-3,-1,1,-1,-2,-2,0,-2,-2,-1,-1,-1,0,-2,1,-3,-1,-1,-3,-1,-3,0,-1,0,0,0,-2,-1,1,-1,-1,1,0,0,1
"FATHER2_EMG1R",-1,0,-2,-1,-1,-1,-3,-6,-3,-2,-1,0,0,-3,-1,-2,-1,-4,-3,-1,-2,-2,0,-3,1,-2,-2,-1,-3,-2,-1,-3,0,0,-2,0,0,-1,1,1,0,0,-1,0,-2
"FATHER2_EMG2R",-2,-1,-2,-1,-1,0,-4,-3,-1,0,0,0,-2,0,-1,-1,-2,0,0,0,-4,-1,-2,-1,-2,-1,-2,-2,-3,-1,-1,-1,-2,-2,-2,-2,-1,-3,0,-1,-2,2,-2,0,0
"FATHER2_EMG3R",0,-2,-2,-1,-2,0,-2,-2,-2,0,1,0,0,-2,-1,-1,-1,0,-2,0,-1,-1,-1,0,-1,-2,-2,-1,-1,-1,-2,0,-1,-1,-1,-1,-1,-1,1,1,1,-1,-1,-1,-1
"FATHER2_EMG4R",-1,-1,-1,-2,0,-2,-2,-1,-3,0,-1,-1,-1,-1,-1,0,-4,1,0,-1,-4,-1,-1,0,0,0,-3,-1,-2,-1,-1,1,-2,-2,-1,0,-1,-1,-1,-2,0,-1,-1,-1,-1
"FATHER2_EMG5R",-2,-1,-1,-2,1,-3,-2,-3,0,-1,-1,-1,-2,-1,-3,-2,-1,-2,-2,-1,-1,-1,1,-2,-1,-1,-2,0,-1,-2,-1,-1,-1,-2,-1,-3,-1,-2,-2,1,-2,-1,-2,-2,-2
"FATHER2_EMG6R",0,-3,-1,-1,-2,-2,-3,-3,-1,-1,-2,-1,1,0,-1,-2,-2,-1,-2,1,-2,-1,0,-3,-3,1,-2,2,0,-1,-1,-1,-1,1,0,-1,0,0,-1,-1,-1,-3,0,1,-2
"FATHER2_EMG7R",-2,-1,-2,-2,-1,0,-2,-3,-1,0,0,0,-1,0,-3,-2,-2,-1,-1,0,0,-2,-1,-2,-3,1,0,-1,0,-2,0,-1,2,-1,-2,-2,-1,0,-1,-1,-1,-1,0,-1,-1
"FATHER2_GLX",-4.125,-4.3125,0.1875,2.6875,0.0625,0.5625,23.3125,79.9375,64.0625,12.125,-9.3125,-29.3125,-79.5625,-64.5,-42.3125,-26.875,-15,9.875,4.6875,7.3125,17.75,18.75,-5.5625,-12.0625,13,-39.6875,56.25,-25.8125,16.625,-4.8125,-2.625,26.75,7.4375,21.25,34,41.6875,48.4375,58.125,29.5625,34.375,9.8125,-58.6875,-11.375,-37.375,4.8125
"FATHER2_GLY",-4.125,-4.3125,0.1875,2.6875,0.0625,0.5625,23.3125,79.9375,64.0625,12.125,-9.3125,-29.3125,-79.5625,-64.5,-42.3125,-26.875,-15,9.875,4.6875,7.3125,17.75,18.75,-5.5625,-12.0625,13,-39.6875,56.25,-25.8125,16.625,-4.8125,-2.625,26.75,7.4375,21.25,34,41.6875,48.4375,58.125,29.5625,34.375,9.8125,-58.6875,-11.375,-37.375,4.8125
"FATHER2_GLZ",-4.125,-4.3125,0.1875,2.6875,0.0625,0.5625,23.3125,79.9375,64.0625,12.125,-9.3125,-29.3125,-79.5625,-64.5,-42.3125,-26.875,-15,9.875,4.6875,7.3125,17.75,18.75,-5.5625,-12.0625,13,-39.6875,56.25,-25.8125,16.625,-4.8125,-2.625,26.75,7.4375,21.25,34,41.6875,48.4375,58.125,29.5625,34.375,9.8125,-58.6875,-11.375,-37.375,4.8125
"FATHER2_GRX",-1.5,-3.875,-2.0625,-1.9375,-0.0625,1.375,5.375,5.1875,2.625,2.125,-0.5,1.0625,-4.75,-16.125,-19.8125,-25.25,-30.4375,-18.25,12,10.5,1.4375,2.5625,-4.125,-3.5,-1.875,-2.25,1.5625,1.5625,2.5,-5.625,-5,-3.9375,0.8125,-0.5,-3.1875,-5.625,-2.125,4.1875,16.0625,16.4375,14.375,11,2.3125,2.75,-0.125
"FATHER2_GRY",-1.5,-3.875,-2.0625,-1.9375,-0.0625,1.375,5.375,5.1875,2.625,2.125,-0.5,1.0625,-4.75,-16.125,-19.8125,-25.25,-30.4375,-18.25,12,10.5,1.4375,2.5625,-4.125,-3.5,-1.875,-2.25,1.5625,1.5625,2.5,-5.625,-5,-3.9375,0.8125,-0.5,-3.1875,-5.625,-2.125,4.1875,16.0625,16.4375,14.375,11,2.3125,2.75,-0.125
"FATHER2_GRZ",-1.5,-3.875,-2.0625,-1.9375,-0.0625,1.375,5.375,5.1875,2.625,2.125,-0.5,1.0625,-4.75,-16.125,-19.8125,-25.25,-30.4375,-18.25,12,10.5,1.4375,2.5625,-4.125,-3.5,-1.875,-2.25,1.5625,1.5625,2.5,-5.625,-5,-3.9375,0.8125,-0.5,-3.1875,-5.625,-2.125,4.1875,16.0625,16.4375,14.375,11,2.3125,2.75,-0.125
"FATHER2_ORL",4.20956,4.2066,4.20152,4.2026,4.20485,4.20882,4.21189,4.33221,4.42146,4.50419,4.51616,4.50132,4.3542,4.19446,4.00258,3.72686,3.59859,3.41301,3.34559,3.24443,3.23705,3.23013,3.2469,3.26283,3.22547,3.2503,3.36968,3.41309,3.31722,3.22667,3.37061,3.57621,3.72622,3.86043,4.02991,4.15721,4.28627,4.42879,4.46686,4.54708,4.58623,4.47522,4.38612,4.26729,4.2071
"FATHER2_OPL",7.03496,7.03638,7.03724,7.0371,7.03723,7.03783,7.0287,6.94143,6.80882,6.2636,5.80785,5.28254,4.56436,4.11305,3.78713,3.52528,3.45006,3.37984,3.35876,3.31351,3.30942,3.30528,3.30398,3.29739,3.29312,3.29778,3.33923,3.33851,3.32123,3.29978,3.34137,3.42314,3.50338,3.6272,3.86593,4.12546,4.45571,4.96085,5.23174,5.76016,6.18466,6.45706,6.76085,6.90499,6.97659
"FATHER2_OYL",6.43889,6.43818,6.43726,6.43644,6.43733,6.43913,6.42713,6.43897,6.45652,6.4997,6.52222,6.57005,6.66989,6.79083,6.96582,7.247,7.38322,7.6059,7.69331,7.83465,7.85536,7.87607,7.8829,7.86876,7.90436,7.83231,7.73509,7.71176,7.81516,7.92302,7.73649,7.55449,7.38272,7.26192,7.10741,6.99828,6.90025,6.78651,6.73889,6.67384,6.63169,6.60337,6.52686,6.45649,6.41163
"FATHER2_ORR",8.13784,8.13218,8.11891,8.10643,8.10074,8.10415,8.13019,8.15919,8.16276,8.15274,8.12322,8.09517,8.09382,8.11673,8.1317,8.11463,8.07789,8.06257,8.11698,8.16047,8.16453,8.16038,8.14759,8.15067,8.15123,8.14876,8.13987,8.13049,8.12589,8.12452,8.11467,8.09693,8.09711,8.10492,8.11066,8.11576,8.12002,8.1257,8.12408,8.12334,8.12216,8.11989,8.1211,8.13147,8.13926
"FATHER2_OPR",6.93362,6.93386,6.93412,6.93542,6.93587,6.9352,6.93299,6.93195,6.9356,6.93885,6.93485,6.92712,6.92051,6.9227,6.92418,6.9251,6.93075,6.93872,6.93731,6.92705,6.91859,6.91671,6.91412,6.91461,6.91641,6.91973,6.92,6.91004,6.90574,6.90594,6.90927,6.91209,6.92336,6.93243,6.92831,6.9335,6.94837,6.95066,6.94855,6.94355,6.93841,6.93301,6.92782,6.92585,6.9243
"FATHER2_OYR",5.99636,5.99507,5.98679,5.97731,5.97136,5.97362,5.99024,6.01066,6.00907,5.98606,5.95693,5.9243,5.92649,5.97097,6.02092,6.05482,6.06829,6.09207,6.14559,6.16693,6.16502,6.15681,6.14906,6.15772,6.16487,6.16491,6.15489,6.13917,6.13018,6.13052,6.12873,6.11829,6.11923,6.12452,6.13486,6.14575,6.16592,6.16641,6.13317,6.10436,6.07446,6.05,6.03977,6.04298,6.0509
"FATHER3_ALX",-0.9912109,-0.9873047,-1.001465,-0.984375,-0.9916992,-0.9975586,-1.084473,-1.234863,-1.217773,-1.010254,-0.6318359,-0.2163086,0.2109375,0.3144531,0.4418945,0.546875,0.7197266,0.7695313,0.8608398,0.8774414,0.8349609,0.7978516,0.8691406,0.7583008,0.8374023,0.8447266,0.7270508,0.4765625,0.4443359,0.6152344,0.390625,0.1704102,-0.105957,-0.5048828,-0.7314453,-0.8911133,-0.9614258,-1.086914,-1.111328,-1.05957,-0.9536133,-0.9492188,-0.9697266,-1.012695,-0.9980469
"FATHER3_ALY",-0.1259766,-0.1245117,-0.1308594,-0.1235352,-0.1459961,-0.1489258,-0.2211914,-0.3823242,-0.2363281,-0.2822266,-0.2055664,-0.1552734,-0.2490234,-0.2719727,-0.3491211,-0.4262695,-0.4072266,-0.4335938,-0.5292969,-0.4873047,-0.4438477,-0.421875,-0.4897461,-0.453125,-0.4907227,-0.4399414,-0.418457,-0.4101563,-0.3203125,-0.3867188,-0.2792969,-0.2871094,-0.253418,-0.2509766,-0.1650391,-0.1787109,-0.1020508,-0.144043,-0.1704102,-0.1621094,-0.08251953,-0.109375,-0.09863281,-0.09912109,-0.1142578
"FATHER3_ALZ",0.2578125,0.2543945,0.2617188,0.2607422,0.2558594,0.2553711,0.331543,0.6416016,0.9707031,1.193359,1.148438,0.8759766,0.6049805,0.4692383,0.3383789,0.3388672,0.2592773,0.2763672,0.2685547,0.4018555,0.440918,0.3227539,0.2490234,0.3383789,0.3266602,0.3203125,0.2719727,0.3398438,0.4350586,0.5102539,0.7910156,0.9375,1.021973,1.029785,0.9189453,0.8984375,0.6181641,0.5019531,0.4306641,0.3764648,0.3857422,0.3774414,0.3310547,0.3056641,0.2944336
"FATHER3_ARX",-0.9345703,-0.9414063,-0.9335938,-0.9414063,-0.9414063,-0.9360352,-0.9458008,-0.9296875,-0.9194336,-0.9501953,-0.9624023,-0.9501953,-0.9301758,-0.9169922,-0.9365234,-0.9296875,-0.9384766,-0.9311523,-0.9467773,-0.9350586,-0.9282227,-0.9316406,-0.9350586,-0.9521484,-0.9384766,-0.9296875,-0.9248047,-0.9492188,-0.9438477,-0.9526367,-0.9291992,-0.9423828,-0.9355469,-0.9355469,-0.9443359,-0.9199219,-0.9316406,-0.9316406,-0.9140625,-0.8959961,-0.9160156,-0.925293,-0.9091797,-0.894043,-0.9257813
"FATHER3_ARY",0.3261719,0.3178711,0.3134766,0.3149414,0.3188477,0.3198242,0.3198242,0.3115234,0.3037109,0.3515625,0.3012695,0.2753906,0.3110352,0.3242188,0.2421875,0.3642578,0.3305664,0.3696289,0.3461914,0.3217773,0.3178711,0.3115234,0.3100586,0.3032227,0.3125,0.3017578,0.3164063,0.3046875,0.2900391,0.3227539,0.3110352,0.3632813,0.2944336,0.3359375,0.296875,0.2788086,0.2998047,0.3076172,0.2905273,0.3173828,0.355957,0.3520508,0.3188477,0.2832031,0.3266602
"FATHER3_ARZ",-0.1542969,-0.1474609,-0.1538086,-0.1518555,-0.1518555,-0.1469727,-0.1494141,-0.1503906,-0.1401367,-0.1435547,-0.1533203,-0.1694336,-0.1533203,-0.1416016,-0.1206055,-0.1430664,-0.1547852,-0.1689453,-0.1650391,-0.1601563,-0.1445313,-0.1459961,-0.15625,-0.1582031,-0.1567383,-0.1586914,-0.1494141,-0.1464844,-0.1474609,-0.1518555,-0.1733398,-0.1669922,-0.1591797,-0.1635742,-0.1640625,-0.1987305,-0.1870117,-0.1806641,-0.1943359,-0.2133789,-0.2260742,-0.2255859,-0.2167969,-0.2167969,-0.2128906
"FATHER3_EMG0L",1,1,-3,-1,-1,-1,2,-3,1,-3,-4,5,-1,2,-3,-7,3,10,5,1,-19,6,0,-5,1,-2,-5,-2,0,1,-9,-9,-5,-1,-8,-1,-4,-1,0,0,0,2,-1,-4,1
"FATHER3_EMG1L",-2,-1,-3,1,-1,0,1,-2,-5,-2,-1,0,-2,1,-4,-3,2,3,2,2,-7,8,-3,-4,-5,-2,-2,-5,0,1,0,-9,-4,-2,-9,-1,-3,0,-4,2,1,-1,-3,-3,0
"FATHER3_EMG2L",-2,4,-7,3,-1,1,11,-11,-13,-11,-4,4,-13,6,-3,-2,-1,-15,7,4,-7,9,0,-5,-16,0,-2,-12,-1,3,-6,-5,-30,-2,-5,0,-3,-1,0,-1,4,-4,-7,-1,-2
"FATHER3_EMG3L",0,1,-1,-3,0,-2,14,0,-1,35,-6,2,-3,9,1,-4,-3,-2,2,7,-3,2,-5,-1,-14,2,3,-7,-1,-1,-9,-5,-14,-12,-2,3,0,-1,1,0,0,0,-1,-1,-3
"FATHER3_EMG4L",0,-1,-3,-2,-2,-1,2,-4,14,5,5,-1,-3,5,4,-2,3,3,0,6,2,2,-3,-2,-7,1,3,-4,1,-1,-4,0,0,-3,-2,0,-3,-1,-1,1,0,-1,-1,-1,-4
"FATHER3_EMG5L",1,0,-3,-2,-1,4,-4,-9,10,-20,-7,-13,-37,4,30,14,27,38,-3,-3,-12,-3,-2,9,21,3,-1,-15,7,3,-2,7,2,-1,0,-1,-4,-1,-1,0,0,-2,1,-4,-2
"FATHER3_EMG6L",1,0,-1,-1,-3,0,2,-43,6,2,0,-6,-7,9,-1,-17,3,-3,1,-12,15,-14,24,-22,-16,6,-5,-5,0,0,0,7,4,-4,-2,-1,-2,-2,1,1,-1,0,-1,-3,1
"FATHER3_EMG7L",0,0,-1,0,-2,0,-1,-8,5,-1,1,-4,-3,-4,-3,-16,15,-1,-1,0,-7,-6,2,-7,-4,-6,-7,1,-1,2,-6,-8,-5,-4,7,1,0,0,5,0,0,1,-5,-1,1
"FATHER3_EMG0R",-2,1,-1,1,2,-3,-1,-2,-1,-2,0,-1,-1,-2,-4,-2,0,-1,-4,-2,0,-3,-1,-1,-2,-1,1,-2,1,-1,0,-1,-2,1,-1,0,0,1,-2,-2,-2,1,0,0,1
"FATHER3_EMG1R",-2,0,0,0,1,-3,1,-1,-2,-1,0,-2,0,-1,-3,-2,-1,1,-1,-2,-1,-1,-1,-1,1,-4,0,-1,-2,-2,1,0,-1,-3,-2,0,-1,0,-1,-2,-1,0,0,-1,-1
"FATHER3_EMG2R",-3,-1,0,-2,-3,0,-1,-3,-2,-1,-1,-1,-1,0,-2,-2,-1,-2,-2,-2,-2,-1,0,0,-1,-2,0,0,0,-1,0,-2,0,-2,-2,-1,0,0,-1,1,-1,0,-2,-3,-2
"FATHER3_EMG3R",-1,0,0,0,-2,0,1,-1,-2,-1,1,0,-1,-2,-1,-2,-1,-1,-1,-1,-1,-2,-2,0,-1,-2,-2,1,0,-1,-2,-1,-1,-1,-1,-1,-1,0,-1,-2,-1,0,-1,-1,-1
"FATHER3_EMG4R",-2,-1,-3,-1,-2,-2,-2,-2,0,-3,0,-1,0,-1,-3,-1,-1,-2,-1,-2,-2,0,-1,-2,-2,-1,-1,-1,-2,-1,-1,-1,-1,-1,-1,-2,-1,-1,-1,-2,-2,1,-1,-1,0
"FATHER3_EMG5R",0,0,-2,-1,-2,-1,0,-2,0,-2,0,-1,-1,-1,0,0,-1,-2,0,-2,1,1,0,-2,0,-2,-2,-2,-1,0,0,0,-2,-2,-1,-1,-1,0,0,-1,0,-1,-1,-1,-2
"FATHER3_EMG6R",-2,-3,0,0,-1,1,0,-1,-2,1,-1,-2,0,-3,-2,-2,-1,-2,-3,-2,0,-2,-1,-1,-2,-2,2,-2,-2,0,-1,-2,-2,-1,-1,-3,1,1,0,0,-1,-1,-2,-1,0
"FATHER3_EMG7R",0,-2,-2,-1,-3,-2,-2,-1,-2,-1,0,-1,-1,-1,-1,-4,0,0,-1,-1,-2,0,0,0,-3,-3,1,-1,-1,1,-1,0,-1,-2,0,0,0,0,-1,-2,-1,0,0,-2,-2
"FATHER3_GLX",0.1875,-1.5625,-2,-1.5,1.1875,1.5,36.1875,63.1875,37,-19.4375,-23.5625,-77.6875,-113.1875,-39.4375,-15.25,5.625,27.75,5.125,-4.5625,15,6.1875,-4.1875,-10.6875,5.0625,-3.625,-3.5,3.875,11.625,43.75,62.5625,30.3125,59.8125,45.75,54.1875,36.9375,-19.4375,24.0625,-68.875,-38.125,-45.5625,-1.75,-5.875,16.25,-18.5625,-2.0625
"FATHER3_GLY",0.1875,-1.5625,-2,-1.5,1.1875,1.5,36.1875,63.1875,37,-19.4375,-23.5625,-77.6875,-113.1875,-39.4375,-15.25,5.625,27.75,5.125,-4.5625,15,6.1875,-4.1875,-10.6875,5.0625,-3.625,-3.5,3.875,11.625,43.75,62.5625,30.3125,59.8125,45.75,54.1875,36.9375,-19.4375,24.0625,-68.875,-38.125,-45.5625,-1.75,-5.875,16.25,-18.5625,-2.0625
"FATHER3_GLZ",0.1875,-1.5625,-2,-1.5,1.1875,1.5,36.1875,63.1875,37,-19.4375,-23.5625,-77.6875,-113.1875,-39.4375,-15.25,5.625,27.75,5.125,-4.5625,15,6.1875,-4.1875,-10.6875,5.0625,-3.625,-3.5,3.875,11.625,43.75,62.5625,30.3125,59.8125,45.75,54.1875,36.9375,-19.4375,24.0625,-68.875,-38.125,-45.5625,-1.75,-5.875,16.25,-18.5625,-2.0625
"FATHER3_GRX",-1.0625,-4.6875,-4.1875,-2.5625,-1.25,1.375,2.0625,5.5625,17.4375,12.1875,1.6875,0.6875,-6.9375,-34.125,-32.1875,-11.3125,-16,-10.0625,-3.5,1.5,0.75,-0.0625,3.5625,0,-1.625,7.6875,-3.1875,-9.875,-16.125,-4.25,1.3125,-2.3125,0.875,3.375,1.1875,-4.3125,-4.9375,-12.5625,3.5625,6.125,-4.625,-6.625,4.625,9.375,8.375
"FATHER3_GRY",-1.0625,-4.6875,-4.1875,-2.5625,-1.25,1.375,2.0625,5.5625,17.4375,12.1875,1.6875,0.6875,-6.9375,-34.125,-32.1875,-11.3125,-16,-10.0625,-3.5,1.5,0.75,-0.0625,3.5625,0,-1.625,7.6875,-3.1875,-9.875,-16.125,-4.25,1.3125,-2.3125,0.875,3.375,1.1875,-4.3125,-4.9375,-12.5625,3.5625,6.125,-4.625,-6.625,4.625,9.375,8.375
"FATHER3_GRZ",-1.0625,-4.6875,-4.1875,-2.5625,-1.25,1.375,2.0625,5.5625,17.4375,12.1875,1.6875,0.6875,-6.9375,-34.125,-32.1875,-11.3125,-16,-10.0625,-3.5,1.5,0.75,-0.0625,3.5625,0,-1.625,7.6875,-3.1875,-9.875,-16.125,-4.25,1.3125,-2.3125,0.875,3.375,1.1875,-4.3125,-4.9375,-12.5625,3.5625,6.125,-4.625,-6.625,4.625,9.375,8.375
"FATHER3_ORL",4.242548,4.241909,4.240333,4.242951,4.237538,4.244787,4.280541,4.374852,4.538157,4.547049,4.538927,4.446277,4.159209,3.909085,3.567794,3.387097,3.281613,3.22637,3.244886,3.36039,3.391073,3.327612,3.277641,3.339815,3.378801,3.441096,3.477988,3.598095,3.79463,4.016317,4.208364,4.39193,4.478214,4.552282,4.612368,4.576786,4.600246,4.491137,4.424624,4.369509,4.43905,4.452401,4.466586,4.43767,4.407286
"FATHER3_OPL",7.040344,7.040959,7.041898,7.04181,7.043169,7.042769,7.021701,6.899104,6.631161,6.005639,5.401758,4.755087,4.025083,3.674977,3.441404,3.38852,3.362362,3.342846,3.330536,3.36315,3.374621,3.359687,3.353876,3.372972,3.379545,3.381048,3.384146,3.472894,3.636548,3.88652,4.223477,4.757839,5.184669,5.734571,6.104802,6.412048,6.755476,6.94844,7.028517,7.0927,7.07119,7.046187,7.031567,7.023256,7.012879
"FATHER3_OYL",6.407951,6.410182,6.411073,6.412971,6.4104,6.41441,6.414645,6.429904,6.516912,6.558794,6.600242,6.677397,6.868404,7.094083,7.447455,7.663845,7.83956,7.918952,7.924293,7.83165,7.817278,7.897505,7.926564,7.863124,7.814133,7.752322,7.710243,7.566148,7.398982,7.210935,7.023843,6.850386,6.763353,6.688805,6.65644,6.599821,6.610853,6.568271,6.555824,6.591073,6.686437,6.713098,6.707913,6.696055,6.678686
"FATHER3_ORR",8.167099,8.157372,8.14645,8.135947,8.128883,8.134274,8.150574,8.155127,8.164798,8.17695,8.16093,8.131098,8.130602,8.124489,8.12694,8.159787,8.18152,8.204197,8.205209,8.200709,8.187547,8.173418,8.163129,8.165307,8.165186,8.176114,8.195509,8.195055,8.175886,8.174506,8.200617,8.249114,8.271521,8.294681,8.29573,8.304769,8.298832,8.286608,8.298507,8.325687,8.340961,8.336891,8.31956,8.317622,8.321179
"FATHER3_OPR",6.924088,6.927775,6.929217,6.93187,6.934402,6.933897,6.929868,6.928416,6.930472,6.929807,6.918885,6.906346,6.901933,6.901613,6.925242,6.941199,6.953207,6.958497,6.952718,6.936513,6.923545,6.913079,6.907187,6.905,6.906265,6.912027,6.917589,6.918764,6.922367,6.931829,6.94489,6.949061,6.948998,6.942794,6.932144,6.909962,6.890892,6.876597,6.876689,6.881587,6.880739,6.875226,6.865702,6.868788,6.882964
"FATHER3_OYR",6.084361,6.081846,6.076566,6.069185,6.065444,6.069377,6.083205,6.082123,6.063367,6.045799,6.021955,5.985443,6.000346,6.046991,6.122706,6.181304,6.234113,6.28137,6.29371,6.284866,6.270627,6.253801,6.236307,6.23395,6.236007,6.240394,6.255042,6.268014,6.282471,6.295396,6.324067,6.369336,6.397097,6.412806,6.414598,6.419538,6.421443,6.426682,6.445815,6.45936,6.476192,6.481461,6.462888,6.443537,6.422471
"FATHER4_ALX",-0.989746,-0.994629,-0.992676,-0.988769,-0.995117,-0.992676,-0.988769,-1.04004,-1.18945,-1.15967,-1.12353,-0.894043,-0.552734,0.134277,0.239746,0.381836,0.582031,0.745117,0.813477,0.835449,0.909668,0.826172,0.861816,0.824219,0.780273,0.862305,0.873047,0.792969,0.620606,0.54834,0.529785,0.463379,0.504883,0.150879,-0.0263672,-0.557129,-0.601074,-1.0249,-1.07031,-1.12891,-1.03857,-1.0083,-0.999512,-0.986816,-1.00244
"FATHER4_ALY",-0.125977,-0.12207,-0.120117,-0.124023,-0.128418,-0.128906,-0.136231,-0.234863,-0.341797,-0.300293,-0.252441,-0.198242,-0.212402,-0.244141,-0.272949,-0.330566,-0.381348,-0.387695,-0.478027,-0.528809,-0.495605,-0.422852,-0.459473,-0.451172,-0.399902,-0.46582,-0.375488,-0.443848,-0.37793,-0.371094,-0.324219,-0.321289,-0.354004,-0.296387,-0.358887,-0.257324,-0.167969,-0.166016,-0.27002,-0.203613,-0.225098,-0.128418,-0.0966797,-0.15625,-0.145508
"FATHER4_ALZ",0.266602,0.257812,0.259766,0.265137,0.26416,0.264648,0.261719,0.311035,0.667969,0.987793,1.16162,1.19385,1.0542,0.668457,0.4375,0.354492,0.292969,0.240723,0.204102,0.132324,0.254883,0.41748,0.268555,0.135742,0.311035,0.324219,0.300781,0.325684,0.352051,0.39209,0.505859,0.65332,0.776856,0.980469,1.0249,1.07275,0.886231,0.705078,0.598144,0.453125,0.411621,0.352051,0.310059,0.268555,0.229981
"FATHER4_ARX",-0.93457,-0.935059,-0.931641,-0.929199,-0.936523,-0.933106,-0.933106,-0.947266,-0.916016,-0.920898,-0.950684,-0.946289,-0.935547,-0.922363,-0.924316,-0.929199,-0.919434,-0.921875,-0.939941,-0.94043,-0.930664,-0.936035,-0.921387,-0.937988,-0.944336,-0.944336,-0.944336,-0.944336,-0.944336,-0.944336,-0.944336,-0.944336,-0.944336,-0.944336,-0.944336,-0.944336,-0.944336,-0.944336,-0.944336,-0.944336,-0.944336,-0.944336,-0.944336,-0.944336,-0.944336
"FATHER4_ARY",0.316895,0.310547,0.312988,0.313477,0.318848,0.324219,0.317383,0.32373,0.291016,0.337402,0.334961,0.318359,0.308105,0.305664,0.308594,0.331543,0.315918,0.353027,0.338867,0.341797,0.336914,0.32373,0.325684,0.314941,0.31543,0.31543,0.31543,0.31543,0.31543,0.31543,0.31543,0.31543,0.31543,0.31543,0.31543,0.31543,0.31543,0.31543,0.31543,0.31543,0.31543,0.31543,0.31543,0.31543,0.31543
"FATHER4_ARZ",-0.15918,-0.15918,-0.156738,-0.156738,-0.154785,-0.157715,-0.161133,-0.160156,-0.160156,-0.145996,-0.160644,-0.162109,-0.15625,-0.155273,-0.151856,-0.15625,-0.163086,-0.180664,-0.173828,-0.173828,-0.161621,-0.154297,-0.150391,-0.164062,-0.164551,-0.164551,-0.164551,-0.164551,-0.164551,-0.164551,-0.164551,-0.164551,-0.164551,-0.164551,-0.164551,-0.164551,-0.164551,-0.164551,-0.164551,-0.164551,-0.164551,-0.164551,-0.164551,-0.164551,-0.164551
"FATHER4_EMG0L",0,-2,1,-1,0,-2,-1,-1,-4,-7,36,-9,12,-3,7,-10,-3,0,11,-3,8,-1,-8,-3,6,-1,-5,-3,-2,-1,0,-1,-4,2,-2,-2,-1,-1,-4,-24,-1,-3,-3,12,1
"FATHER4_EMG1L",0,-2,1,-2,1,-3,-1,-3,-3,-12,7,-4,1,4,-1,-3,-3,1,3,-4,-1,2,-4,-3,-4,-3,-7,-1,-1,1,1,0,-1,-1,-2,-2,4,-4,-1,-14,1,-4,1,-1,0
"FATHER4_EMG2L",2,0,0,-3,1,-4,-4,-5,-4,-8,76,-7,5,8,-6,-8,-19,-10,10,-2,-9,12,-14,6,-4,-15,-4,-4,2,1,2,-2,2,-8,-1,-2,2,2,-2,-18,2,-4,-1,-1,1
"FATHER4_EMG3L",-1,-2,1,-1,0,-2,2,0,15,57,25,4,-16,-3,4,-5,-3,2,0,-2,-5,7,0,-5,-3,-6,-9,-2,3,0,0,-1,6,-5,-6,1,-8,0,-3,-4,0,-3,-1,-2,-1
"FATHER4_EMG4L",-2,-1,-1,0,0,-1,0,7,-13,12,5,-6,-12,8,9,1,0,3,-8,-1,1,7,9,2,0,-6,-6,2,3,-1,2,-1,-1,-5,-4,-3,-2,0,-3,-3,-1,-1,1,-1,-2
"FATHER4_EMG5L",-2,0,-2,0,0,0,0,-14,-8,19,24,0,-14,44,31,4,-9,15,-26,1,8,22,8,0,-3,-11,2,10,-3,4,4,-10,-5,-6,-3,-3,-2,4,-3,-5,0,0,2,-1,1
"FATHER4_EMG6L",0,-2,1,0,0,-2,-1,5,0,6,11,-8,-3,14,-28,-20,6,-17,-13,5,0,-9,18,-6,2,-8,3,5,27,2,-10,-7,-4,-10,4,-4,-1,-1,-1,-6,3,-1,-1,-1,0
"FATHER4_EMG7L",-1,-3,0,0,1,1,-1,1,-3,-1,42,-10,2,-1,-6,-13,0,-15,8,-6,-3,-2,3,-4,4,2,-3,-5,1,-2,-2,-3,-4,7,-2,-4,0,1,-3,-3,0,4,-1,15,1
"FATHER4_EMG0R",-3,-2,0,0,-6,-2,-2,-1,-4,0,-1,-2,0,0,-1,0,-2,-3,0,-3,-1,-3,-1,-2,-1,-1,-1,-1,-1,-1,-1,-1,-1,-1,-1,-1,-1,-1,-1,-1,-1,-1,-1,-1,-1
"FATHER4_EMG1R",-1,-1,-1,0,-3,-2,-2,-1,-2,-3,-3,-2,-1,-1,-2,-3,-1,-1,-2,-1,-3,-3,-2,-2,-1,-1,-1,-1,-1,-1,-1,-1,-1,-1,-1,-1,-1,-1,-1,-1,-1,-1,-1,-1,-1
"FATHER4_EMG2R",1,-2,-1,-2,-3,-1,-1,-1,-1,0,0,-1,0,-2,-1,-3,-2,-2,-1,0,0,-1,-2,-1,0,0,0,0,0,0,0,0,0,0,0,0,0,0,0,0,0,0,0,0,0
"FATHER4_EMG3R",0,-2,-2,-2,-1,-2,0,1,-2,-2,0,-1,-1,0,0,1,-1,1,-1,-1,0,-1,-2,0,0,0,0,0,0,0,0,0,0,0,0,0,0,0,0,0,0,0,0,0,0
"FATHER4_EMG4R",-2,-2,-1,0,-1,0,-2,-3,-1,-2,-2,0,-1,-2,0,-3,-2,-1,-2,-2,-1,0,0,0,0,0,0,0,0,0,0,0,0,0,0,0,0,0,0,0,0,0,0,0,0
"FATHER4_EMG5R",-2,-1,-1,-2,-3,0,-1,-2,-2,-1,-1,-1,-1,-2,-3,-1,0,-2,-1,-2,-1,-1,0,0,-2,-2,-2,-2,-2,-2,-2,-2,-2,-2,-2,-2,-2,-2,-2,-2,-2,-2,-2,-2,-2
"FATHER4_EMG6R",-1,-2,-2,0,-1,-2,-1,-1,-1,-1,0,0,-1,0,-1,0,0,-2,-2,0,0,-1,-2,0,-2,-2,-2,-2,-2,-2,-2,-2,-2,-2,-2,-2,-2,-2,-2,-2,-2,-2,-2,-2,-2
"FATHER4_EMG7R",-1,-2,-2,-1,-1,0,1,0,-4,0,-1,-1,-1,-1,0,0,0,-1,-1,-1,0,-3,0,-1,0,0,0,0,0,0,0,0,0,0,0,0,0,0,0,0,0,0,0,0,0
"FATHER4_GLX",0.4375,-0.1875,-1.6875,1.1875,0.8125,-0.5,-0.125,8.75,42.9375,15.0625,-26.5625,-27.375,-38.4375,-88.625,-40.875,-16.125,-0.125,22.3125,15.125,24.75,-8.4375,27.8125,2,1,18.4375,-4.8125,7.4375,-2.8125,1.9375,22.5,24.0625,46.6875,57.5,32.8125,65.0625,34.5625,2.1875,-46.5625,-48.5625,18.1875,-7.625,22.1875,-24.875,-12.625,-14.4375
"FATHER4_GLY",0.4375,-0.1875,-1.6875,1.1875,0.8125,-0.5,-0.125,8.75,42.9375,15.0625,-26.5625,-27.375,-38.4375,-88.625,-40.875,-16.125,-0.125,22.3125,15.125,24.75,-8.4375,27.8125,2,1,18.4375,-4.8125,7.4375,-2.8125,1.9375,22.5,24.0625,46.6875,57.5,32.8125,65.0625,34.5625,2.1875,-46.5625,-48.5625,18.1875,-7.625,22.1875,-24.875,-12.625,-14.4375
"FATHER4_GLZ",0.4375,-0.1875,-1.6875,1.1875,0.8125,-0.5,-0.125,8.75,42.9375,15.0625,-26.5625,-27.375,-38.4375,-88.625,-40.875,-16.125,-0.125,22.3125,15.125,24.75,-8.4375,27.8125,2,1,18.4375,-4.8125,7.4375,-2.8125,1.9375,22.5,24.0625,46.6875,57.5,32.8125,65.0625,34.5625,2.1875,-46.5625,-48.5625,18.1875,-7.625,22.1875,-24.875,-12.625,-14.4375
"FATHER4_GRX",1.0625,-1.4375,0.0625,-0.875,-0.125,-1,-2.3125,-2,4.5,19.6875,15.75,0.6875,-4.3125,-14.75,-25,-42.5,-25.5625,-0.125,-2.1875,2.1875,0.125,-1.9375,-1.3125,2.5,1.75,1.75,1.75,1.75,1.75,1.75,1.75,1.75,1.75,1.75,1.75,1.75,1.75,1.75,1.75,1.75,1.75,1.75,1.75,1.75,1.75
"FATHER4_GRY",1.0625,-1.4375,0.0625,-0.875,-0.125,-1,-2.3125,-2,4.5,19.6875,15.75,0.6875,-4.3125,-14.75,-25,-42.5,-25.5625,-0.125,-2.1875,2.1875,0.125,-1.9375,-1.3125,2.5,1.75,1.75,1.75,1.75,1.75,1.75,1.75,1.75,1.75,1.75,1.75,1.75,1.75,1.75,1.75,1.75,1.75,1.75,1.75,1.75,1.75
"FATHER4_GRZ",1.0625,-1.4375,0.0625,-0.875,-0.125,-1,-2.3125,-2,4.5,19.6875,15.75,0.6875,-4.3125,-14.75,-25,-42.5,-25.5625,-0.125,-2.1875,2.1875,0.125,-1.9375,-1.3125,2.5,1.75,1.75,1.75,1.75,1.75,1.75,1.75,1.75,1.75,1.75,1.75,1.75,1.75,1.75,1.75,1.75,1.75,1.75,1.75,1.75,1.75
"FATHER4_ORL",4.29247,4.29276,4.29186,4.29319,4.2937,4.29987,4.29952,4.30105,4.41535,4.52227,4.52053,4.50273,4.47117,4.1571,3.92447,3.65279,3.32712,3.19131,3.10383,3.09972,3.20037,3.31714,3.27333,3.23199,3.33122,3.38427,3.44492,3.48818,3.59102,3.72394,3.88957,4.1172,4.22539,4.38372,4.47509,4.55774,4.58062,4.53072,4.42057,4.34899,4.2329,4.18949,4.18293,4.15045,4.14755
"FATHER4_OPL",7.03594,7.03651,7.03652,7.03661,7.03798,7.03803,7.03847,7.03147,6.89867,6.64356,6.22017,5.65462,5.22994,4.07229,3.68786,3.45806,3.34161,3.32137,3.30849,3.30434,3.3047,3.33677,3.32214,3.30832,3.3213,3.32868,3.34087,3.35446,3.39558,3.4813,3.64068,3.99956,4.24463,4.80911,5.25861,5.79287,6.14962,6.58321,6.83648,7.00119,7.07704,7.08648,7.08668,7.07063,7.06226
"FATHER4_OYL",6.43309,6.4335,6.43347,6.43471,6.43866,6.44568,6.44561,6.44051,6.47741,6.54162,6.56586,6.6043,6.6405,6.87591,7.09008,7.37721,7.75219,7.95367,8.08306,8.11543,8.01636,7.92495,7.99502,8.04409,7.94551,7.88435,7.83699,7.78136,7.67783,7.54468,7.3901,7.18368,7.09463,6.93329,6.84638,6.78574,6.76721,6.77973,6.75533,6.68683,6.54821,6.47466,6.48582,6.50106,6.52035
"FATHER4_ORR",8.18476,8.18356,8.18279,8.18324,8.18267,8.18014,8.17793,8.17603,8.17288,8.17774,8.19635,8.19064,8.16858,8.14693,8.11452,8.07146,8.07053,8.1865,8.25288,8.30585,8.32816,8.3133,8.2835,8.24273,8.23146,8.23146,8.23146,8.23146,8.23146,8.23146,8.23146,8.23146,8.23146,8.23146,8.23146,8.23146,8.23146,8.23146,8.23146,8.23146,8.23146,8.23146,8.23146,8.23146,8.23146
"FATHER4_OPR",6.90934,6.90843,6.90833,6.9085,6.91069,6.91425,6.91491,6.91455,6.91699,6.92098,6.92563,6.91682,6.90125,6.88694,6.87862,6.88905,6.90802,6.92689,6.94681,6.95891,6.95622,6.94582,6.93213,6.9153,6.91119,6.91119,6.91119,6.91119,6.91119,6.91119,6.91119,6.91119,6.91119,6.91119,6.91119,6.91119,6.91119,6.91119,6.91119,6.91119,6.91119,6.91119,6.91119,6.91119,6.91119
"FATHER4_OYR",6.2342,6.23301,6.23155,6.23203,6.23177,6.22935,6.23012,6.23109,6.22433,6.20301,6.19037,6.17099,6.14992,6.14517,6.16012,6.17836,6.24004,6.37088,6.44632,6.50112,6.52394,6.51141,6.4837,6.43849,6.42526,6.42526,6.42526,6.42526,6.42526,6.42526,6.42526,6.42526,6.42526,6.42526,6.42526,6.42526,6.42526,6.42526,6.42526,6.42526,6.42526,6.42526,6.42526,6.42526,6.42526
"FATHER5_ALX",-0.987305,-0.989746,-0.987305,-0.988769,-0.988281,-0.987305,-0.988769,-1.09033,-1.22217,-1.13135,-1.06641,-0.702637,-0.230957,0.0830078,0.257812,0.461426,0.592285,0.754394,0.822266,0.842285,0.885254,0.81543,0.822754,0.794434,0.73584,0.616699,0.401855,0.625488,0.416992,0.430664,-0.135254,-0.507812,-0.683594,-0.811523,-0.884277,-1.07324,-1.12353,-1.0332,-0.990234,-0.946289,-0.984863,-0.991699,-0.981445,-0.98291,-0.969727
"FATHER5_ALY",-0.132812,-0.128418,-0.12793,-0.131836,-0.131836,-0.126465,-0.125977,-0.230957,-0.369141,-0.191894,-0.297852,-0.219727,-0.150879,-0.22168,-0.251953,-0.335938,-0.399414,-0.438965,-0.450684,-0.474121,-0.567383,-0.326172,-0.473145,-0.44043,-0.469727,-0.405762,-0.314941,-0.304688,-0.29248,-0.490234,-0.262207,-0.300781,-0.149902,-0.224609,-0.225586,-0.197266,-0.211914,-0.229004,-0.14209,-0.116699,-0.152832,-0.135254,-0.149414,-0.165039,-0.148438
"FATHER5_ALZ",0.277832,0.275391,0.274414,0.274414,0.274414,0.278809,0.277832,0.336426,0.657227,1.01856,1.14014,1.125,0.904297,0.677246,0.488281,0.355957,0.351562,0.320801,0.229981,0.211426,0.414551,0.455566,0.312988,0.208984,0.322266,0.302734,0.334961,0.463867,0.62793,0.908203,0.974121,1.04443,1.0332,0.939941,0.734863,0.542969,0.443359,0.399414,0.421387,0.347168,0.311523,0.300781,0.288574,0.29248,0.291016
"FATHER5_ARX",-0.944336,-0.944336,-0.944336,-0.944336,-0.944336,-0.944336,-0.944336,-0.944336,-0.944336,-0.944336,-0.944336,-0.944336,-0.944336,-0.944336,-0.944336,-0.944336,-0.944336,-0.944336,-0.944336,-0.944336,-0.944336,-0.944336,-0.944336,-0.944336,-0.944336,-0.944336,-0.944336,-0.944336,-0.944336,-0.944336,-0.944336,-0.944336,-0.944336,-0.944336,-0.944336,-0.944336,-0.944336,-0.944336,-0.944336,-0.944336,-0.944336,-0.944336,-0.944336,-0.944336,-0.944336
"FATHER5_ARY",0.31543,0.31543,0.31543,0.31543,0.31543,0.31543,0.31543,0.31543,0.31543,0.31543,0.31543,0.31543,0.31543,0.31543,0.31543,0.31543,0.31543,0.31543,0.31543,0.31543,0.31543,0.31543,0.31543,0.31543,0.31543,0.31543,0.31543,0.31543,0.31543,0.31543,0.31543,0.31543,0.31543,0.31543,0.31543,0.31543,0.31543,0.31543,0.31543,0.31543,0.31543,0.31543,0.31543,0.31543,0.31543
"FATHER5_ARZ",-0.164551,-0.164551,-0.164551,-0.164551,-0.164551,-0.164551,-0.164551,-0.164551,-0.164551,-0.164551,-0.164551,-0.164551,-0.164551,-0.164551,-0.164551,-0.164551,-0.164551,-0.164551,-0.164551,-0.164551,-0.164551,-0.164551,-0.164551,-0.164551,-0.164551,-0.164551,-0.164551,-0.164551,-0.164551,-0.164551,-0.164551,-0.164551,-0.164551,-0.164551,-0.164551,-0.164551,-0.164551,-0.164551,-0.164551,-0.164551,-0.164551,-0.164551,-0.164551,-0.164551,-0.164551
"FATHER5_EMG0L",-3,-2,-7,3,0,0,0,-1,0,-1,2,0,0,-3,-8,-5,0,-1,-3,1,-6,-6,-2,-2,0,-6,3,5,0,1,0,-6,-9,2,-10,2,-35,-4,-4,3,-3,-5,-1,-6,-6
"FATHER5_EMG1L",-4,-1,-4,0,-1,-1,1,-1,2,-3,-1,2,1,3,-4,0,-6,-4,-5,-2,-12,-7,0,5,-2,-2,-3,2,-1,-1,-1,-4,-2,-2,-7,3,-4,-3,-5,-4,-3,-2,-1,0,0
"FATHER5_EMG2L",-4,1,-3,-2,3,1,2,-2,10,11,-33,21,7,12,-1,5,-10,-5,-4,-1,-13,4,1,5,-2,-1,-15,2,0,1,14,-4,-10,1,-4,7,-2,0,-13,-2,2,-2,-1,2,4
"FATHER5_EMG3L",-1,-1,-1,-1,-1,0,0,-14,57,41,-2,14,1,5,-5,4,-7,6,-8,-9,0,5,2,2,0,1,-8,2,1,-1,4,-6,-6,4,-4,2,-2,-1,-2,1,2,0,-2,0,2
"FATHER5_EMG4L",-2,2,-1,-1,0,0,0,-1,-3,26,-1,15,-4,5,-8,-1,-11,0,5,0,-3,4,3,0,0,-5,-4,1,3,0,2,-3,0,0,-2,1,-1,-2,-2,-1,0,-2,-2,-1,-1
"FATHER5_EMG5L",0,0,-2,0,0,1,0,12,-14,-9,-6,11,12,-3,-12,-20,2,1,20,17,-36,40,27,-2,-8,-2,2,-12,3,-3,8,-3,1,7,-4,-3,-3,-2,-7,1,-4,0,-1,2,2
"FATHER5_EMG6L",0,-1,-1,0,-1,-1,1,-6,-2,-11,-3,-9,6,-6,-6,-22,4,3,-7,10,1,8,23,4,0,-9,-4,5,1,-8,-1,6,1,-1,-1,-4,-3,-1,-2,1,0,0,0,0,-1
"FATHER5_EMG7L",1,-2,-4,2,0,1,-1,0,0,0,1,1,1,-5,-8,-2,4,-6,-2,2,-8,-4,-6,2,-7,-9,2,4,1,2,2,-1,-1,-6,8,-8,-10,6,-2,-6,0,-2,3,-2,-4
"FATHER5_EMG0R",-1,-1,-1,-1,-1,-1,-1,-1,-1,-1,-1,-1,-1,-1,-1,-1,-1,-1,-1,-1,-1,-1,-1,-1,-1,-1,-1,-1,-1,-1,-1,-1,-1,-1,-1,-1,-1,-1,-1,-1,-1,-1,-1,-1,-1
"FATHER5_EMG1R",-1,-1,-1,-1,-1,-1,-1,-1,-1,-1,-1,-1,-1,-1,-1,-1,-1,-1,-1,-1,-1,-1,-1,-1,-1,-1,-1,-1,-1,-1,-1,-1,-1,-1,-1,-1,-1,-1,-1,-1,-1,-1,-1,-1,-1
"FATHER5_EMG2R",0,0,0,0,0,0,0,0,0,0,0,0,0,0,0,0,0,0,0,0,0,0,0,0,0,0,0,0,0,0,0,0,0,0,0,0,0,0,0,0,0,0,0,0,0
"FATHER5_EMG3R",0,0,0,0,0,0,0,0,0,0,0,0,0,0,0,0,0,0,0,0,0,0,0,0,0,0,0,0,0,0,0,0,0,0,0,0,0,0,0,0,0,0,0,0,0
"FATHER5_EMG4R",0,0,0,0,0,0,0,0,0,0,0,0,0,0,0,0,0,0,0,0,0,0,0,0,0,0,0,0,0,0,0,0,0,0,0,0,0,0,0,0,0,0,0,0,0
"FATHER5_EMG5R",-2,-2,-2,-2,-2,-2,-2,-2,-2,-2,-2,-2,-2,-2,-2,-2,-2,-2,-2,-2,-2,-2,-2,-2,-2,-2,-2,-2,-2,-2,-2,-2,-2,-2,-2,-2,-2,-2,-2,-2,-2,-2,-2,-2,-2
"FATHER5_EMG6R",-2,-2,-2,-2,-2,-2,-2,-2,-2,-2,-2,-2,-2,-2,-2,-2,-2,-2,-2,-2,-2,-2,-2,-2,-2,-2,-2,-2,-2,-2,-2,-2,-2,-2,-2,-2,-2,-2,-2,-2,-2,-2,-2,-2,-2
"FATHER5_EMG7R",0,0,0,0,0,0,0,0,0,0,0,0,0,0,0,0,0,0,0,0,0,0,0,0,0,0,0,0,0,0,0,0,0,0,0,0,0,0,0,0,0,0,0,0,0
"FATHER5_GLX",0.625,0,1.6875,0.25,-0.1875,-1.125,1.9375,6.875,93.875,0.625,-44.375,-19.375,-72.6875,-90.8125,-63,21.5625,-2.9375,15.6875,18.25,24.125,-16.5,29.0625,-18.6875,5.3125,-5.125,-0.375,33.3125,62.6875,47.375,61.8125,85.8125,10.4375,0.375,-12.0625,3.375,-28.5625,-20.9375,1.3125,30.875,10.5,1.9375,2.875,-5.625,-2.0625,-2.3125
"FATHER5_GLY",0.625,0,1.6875,0.25,-0.1875,-1.125,1.9375,6.875,93.875,0.625,-44.375,-19.375,-72.6875,-90.8125,-63,21.5625,-2.9375,15.6875,18.25,24.125,-16.5,29.0625,-18.6875,5.3125,-5.125,-0.375,33.3125,62.6875,47.375,61.8125,85.8125,10.4375,0.375,-12.0625,3.375,-28.5625,-20.9375,1.3125,30.875,10.5,1.9375,2.875,-5.625,-2.0625,-2.3125
"FATHER5_GLZ",0.625,0,1.6875,0.25,-0.1875,-1.125,1.9375,6.875,93.875,0.625,-44.375,-19.375,-72.6875,-90.8125,-63,21.5625,-2.9375,15.6875,18.25,24.125,-16.5,29.0625,-18.6875,5.3125,-5.125,-0.375,33.3125,62.6875,47.375,61.8125,85.8125,10.4375,0.375,-12.0625,3.375,-28.5625,-20.9375,1.3125,30.875,10.5,1.9375,2.875,-5.625,-2.0625,-2.3125
"FATHER5_GRX",1.75,1.75,1.75,1.75,1.75,1.75,1.75,1.75,1.75,1.75,1.75,1.75,1.75,1.75,1.75,1.75,1.75,1.75,1.75,1.75,1.75,1.75,1.75,1.75,1.75,1.75,1.75,1.75,1.75,1.75,1.75,1.75,1.75,1.75,1.75,1.75,1.75,1.75,1.75,1.75,1.75,1.75,1.75,1.75,1.75
"FATHER5_GRY",1.75,1.75,1.75,1.75,1.75,1.75,1.75,1.75,1.75,1.75,1.75,1.75,1.75,1.75,1.75,1.75,1.75,1.75,1.75,1.75,1.75,1.75,1.75,1.75,1.75,1.75,1.75,1.75,1.75,1.75,1.75,1.75,1.75,1.75,1.75,1.75,1.75,1.75,1.75,1.75,1.75,1.75,1.75,1.75,1.75
"FATHER5_GRZ",1.75,1.75,1.75,1.75,1.75,1.75,1.75,1.75,1.75,1.75,1.75,1.75,1.75,1.75,1.75,1.75,1.75,1.75,1.75,1.75,1.75,1.75,1.75,1.75,1.75,1.75,1.75,1.75,1.75,1.75,1.75,1.75,1.75,1.75,1.75,1.75,1.75,1.75,1.75,1.75,1.75,1.75,1.75,1.75,1.75
"FATHER5_ORL",4.31349,4.31486,4.31722,4.32069,4.32208,4.32269,4.32428,4.3199,4.4508,4.6057,4.57735,4.51352,4.43864,4.2609,4.04705,3.68561,3.50826,3.37104,3.28113,3.26531,3.33633,3.40084,3.31925,3.26057,3.28702,3.4128,3.61908,3.97285,4.20385,4.32011,4.45933,4.51318,4.5493,4.54712,4.50517,4.43992,4.32534,4.18891,4.19785,4.24597,4.22891,4.24499,4.25211,4.24443,4.24281
"FATHER5_OPL",7.02303,7.02194,7.02218,7.0221,7.0213,7.02149,7.02145,7.00444,6.87352,6.49264,6.20041,5.45396,4.83651,4.27606,3.85692,3.49167,3.40642,3.36363,3.33978,3.33421,3.35447,3.3779,3.36292,3.35472,3.36222,3.39859,3.4869,3.76537,4.10896,4.5212,4.95677,5.55559,5.96883,6.2962,6.5536,6.77682,6.93327,7.04983,7.0438,7.02505,7.00673,6.99675,6.98667,6.97743,6.97329
"FATHER5_OYL",6.58961,6.58927,6.59101,6.59349,6.59502,6.59649,6.59688,6.57733,6.60573,6.67172,6.68256,6.71096,6.77869,6.89066,7.06222,7.44362,7.66345,7.8473,7.99074,8.03005,7.94142,7.92108,8.003,8.07064,8.03389,7.89705,7.70118,7.3889,7.20908,7.06623,6.99385,6.91611,6.89417,6.89208,6.85734,6.80839,6.72078,6.59852,6.57183,6.58203,6.56935,6.57957,6.59148,6.59291,6.59143
"FATHER5_ORR",8.23146,8.23146,8.23146,8.23146,8.23146,8.23146,8.23146,8.23146,8.23146,8.23146,8.23146,8.23146,8.23146,8.23146,8.23146,8.23146,8.23146,8.23146,8.23146,8.23146,8.23146,8.23146,8.23146,8.23146,8.23146,8.23146,8.23146,8.23146,8.23146,8.23146,8.23146,8.23146,8.23146,8.23146,8.23146,8.23146,8.23146,8.23146,8.23146,8.23146,8.23146,8.23146,8.23146,8.23146,8.23146
"FATHER5_OPR",6.91119,6.91119,6.91119,6.91119,6.91119,6.91119,6.91119,6.91119,6.91119,6.91119,6.91119,6.91119,6.91119,6.91119,6.91119,6.91119,6.91119,6.91119,6.91119,6.91119,6.91119,6.91119,6.91119,6.91119,6.91119,6.91119,6.91119,6.91119,6.91119,6.91119,6.91119,6.91119,6.91119,6.91119,6.91119,6.91119,6.91119,6.91119,6.91119,6.91119,6.91119,6.91119,6.91119,6.91119,6.91119
"FATHER5_OYR",6.42526,6.42526,6.42526,6.42526,6.42526,6.42526,6.42526,6.42526,6.42526,6.42526,6.42526,6.42526,6.42526,6.42526,6.42526,6.42526,6.42526,6.42526,6.42526,6.42526,6.42526,6.42526,6.42526,6.42526,6.42526,6.42526,6.42526,6.42526,6.42526,6.42526,6.42526,6.42526,6.42526,6.42526,6.42526,6.42526,6.42526,6.42526,6.42526,6.42526,6.42526,6.42526,6.42526,6.42526,6.42526
"FATHER6_ALX",-0.9838867,-0.9814453,-0.9882813,-0.9868164,-0.9873047,-0.9897461,-0.9858398,-1.002441,-1.059082,-1.187988,-1.112793,-1.067871,-0.5532227,-0.08544922,0.1210938,0.3720703,0.550293,0.6655273,0.7197266,0.8017578,0.8251953,0.8896484,0.8432617,0.8041992,0.8349609,0.7841797,0.8178711,0.7211914,0.7231445,0.4077148,0.5952148,0.6088867,0.2929688,0.06787109,-0.3837891,-0.5556641,-0.5986328,-1.066895,-1.053711,-1.223633,-1.04834,-0.9521484,-0.9589844,-0.9902344,-0.9873047
"FATHER6_ALY",-0.1508789,-0.1499023,-0.152832,-0.1464844,-0.1484375,-0.1484375,-0.1450195,-0.1967773,-0.2788086,-0.2788086,-0.3520508,-0.3051758,-0.1748047,-0.1342773,-0.2280273,-0.2026367,-0.4208984,-0.4106445,-0.4897461,-0.4057617,-0.6152344,-0.5517578,-0.4291992,-0.4511719,-0.4770508,-0.4624023,-0.4370117,-0.4526367,-0.4291992,-0.3232422,-0.3608398,-0.2719727,-0.4360352,-0.3945313,-0.2558594,-0.25,-0.3095703,-0.1958008,-0.1269531,-0.1430664,-0.2358398,-0.08886719,-0.1845703,-0.1674805,-0.09716797
"FATHER6_ALZ",0.262207,0.2675781,0.2695313,0.2695313,0.2695313,0.2592773,0.2685547,0.2910156,0.453125,0.7475586,1.128906,1.169922,1.052246,0.7631836,0.5996094,0.3701172,0.2910156,0.3017578,0.355957,0.269043,0.184082,0.3066406,0.3330078,0.3369141,0.1347656,0.2890625,0.2504883,0.2143555,0.3120117,0.2446289,0.5063477,0.6069336,0.8388672,1.000488,1.078125,1.068848,0.8583984,0.6865234,0.4882813,0.3754883,0.3974609,0.4130859,0.3266602,0.3081055,0.2714844
"FATHER6_ARX",-0.9443359,-0.9443359,-0.9443359,-0.9443359,-0.9443359,-0.9443359,-0.9443359,-0.9443359,-0.9443359,-0.9443359,-0.9443359,-0.9443359,-0.9443359,-0.9443359,-0.9443359,-0.9443359,-0.9443359,-0.9443359,-0.9443359,-0.9443359,-0.9443359,-0.9443359,-0.9443359,-0.9443359,-0.9443359,-0.9443359,-0.9443359,-0.9443359,-0.9443359,-0.9443359,-0.9443359,-0.9443359,-0.9443359,-0.9443359,-0.9443359,-0.9443359,-0.9443359,-0.9443359,-0.9443359,-0.9443359,-0.9443359,-0.9443359,-0.9443359,-0.9443359,-0.9443359
"FATHER6_ARY",0.3154297,0.3154297,0.3154297,0.3154297,0.3154297,0.3154297,0.3154297,0.3154297,0.3154297,0.3154297,0.3154297,0.3154297,0.3154297,0.3154297,0.3154297,0.3154297,0.3154297,0.3154297,0.3154297,0.3154297,0.3154297,0.3154297,0.3154297,0.3154297,0.3154297,0.3154297,0.3154297,0.3154297,0.3154297,0.3154297,0.3154297,0.3154297,0.3154297,0.3154297,0.3154297,0.3154297,0.3154297,0.3154297,0.3154297,0.3154297,0.3154297,0.3154297,0.3154297,0.3154297,0.3154297
"FATHER6_ARZ",-0.1645508,-0.1645508,-0.1645508,-0.1645508,-0.1645508,-0.1645508,-0.1645508,-0.1645508,-0.1645508,-0.1645508,-0.1645508,-0.1645508,-0.1645508,-0.1645508,-0.1645508,-0.1645508,-0.1645508,-0.1645508,-0.1645508,-0.1645508,-0.1645508,-0.1645508,-0.1645508,-0.1645508,-0.1645508,-0.1645508,-0.1645508,-0.1645508,-0.1645508,-0.1645508,-0.1645508,-0.1645508,-0.1645508,-0.1645508,-0.1645508,-0.1645508,-0.1645508,-0.1645508,-0.1645508,-0.1645508,-0.1645508,-0.1645508,-0.1645508,-0.1645508,-0.1645508
"FATHER6_EMG0L",-5,0,0,0,-3,-1,0,1,1,-1,-3,1,-1,1,10,6,-3,-19,11,-6,-2,-9,-1,-10,3,-16,1,6,3,-8,0,0,1,-1,2,-2,1,-2,4,-5,3,2,0,5,0
"FATHER6_EMG1L",-1,-2,-1,-3,0,-1,-1,0,0,0,-1,-3,4,-2,20,0,1,-5,9,-11,-4,-8,0,-4,2,-14,3,3,-5,1,1,-1,1,0,-1,-1,0,-2,2,2,3,1,-4,1,-1
"FATHER6_EMG2L",5,-7,3,-6,-1,-1,-2,0,0,8,-11,-2,19,-10,5,-5,-1,3,0,-11,-1,-3,7,9,-8,-9,-4,-2,-8,1,2,1,8,0,1,1,-5,-6,8,-5,3,1,-19,-3,-1
"FATHER6_EMG3L",0,-2,0,-2,0,0,-2,-1,-5,-1,-15,-2,26,-4,-1,-9,6,3,8,-13,-5,-1,6,6,10,-3,-1,-5,-15,1,-2,4,-1,16,0,-1,-7,-1,-1,-2,1,-1,-3,-3,0
"FATHER6_EMG4L",0,-2,0,-2,-1,-2,0,-1,-6,2,-13,4,10,-2,-9,-9,-2,6,1,-8,2,2,2,2,4,0,0,-7,-12,-1,-5,1,-4,7,0,1,-3,-2,-1,0,2,-3,-2,0,-1
"FATHER6_EMG5L",0,-2,3,-2,1,-8,1,-1,-7,-9,-6,10,6,-5,-20,-3,13,16,24,12,-9,2,-4,6,26,-17,0,-13,-13,-6,-4,-1,-4,21,2,5,-7,-2,1,1,1,-2,-3,-2,0
"FATHER6_EMG6L",-2,-2,0,-2,-3,-3,2,0,-1,-6,-3,-1,0,7,-7,1,-5,-1,-7,16,-1,-1,22,4,21,-24,11,-3,1,11,11,-2,-9,5,-4,14,-6,0,0,3,0,0,-3,-1,0
"FATHER6_EMG7L",-3,-1,-1,0,-4,1,-1,1,-1,-2,-3,3,1,1,-8,-2,-3,-3,11,-1,0,-1,8,-1,5,-11,4,-2,-2,-5,0,-3,-6,2,16,-2,6,-1,-1,-3,-8,-1,-6,-1,1
"FATHER6_EMG0R",-1,-1,-1,-1,-1,-1,-1,-1,-1,-1,-1,-1,-1,-1,-1,-1,-1,-1,-1,-1,-1,-1,-1,-1,-1,-1,-1,-1,-1,-1,-1,-1,-1,-1,-1,-1,-1,-1,-1,-1,-1,-1,-1,-1,-1
"FATHER6_EMG1R",-1,-1,-1,-1,-1,-1,-1,-1,-1,-1,-1,-1,-1,-1,-1,-1,-1,-1,-1,-1,-1,-1,-1,-1,-1,-1,-1,-1,-1,-1,-1,-1,-1,-1,-1,-1,-1,-1,-1,-1,-1,-1,-1,-1,-1
"FATHER6_EMG2R",0,0,0,0,0,0,0,0,0,0,0,0,0,0,0,0,0,0,0,0,0,0,0,0,0,0,0,0,0,0,0,0,0,0,0,0,0,0,0,0,0,0,0,0,0
"FATHER6_EMG3R",0,0,0,0,0,0,0,0,0,0,0,0,0,0,0,0,0,0,0,0,0,0,0,0,0,0,0,0,0,0,0,0,0,0,0,0,0,0,0,0,0,0,0,0,0
"FATHER6_EMG4R",0,0,0,0,0,0,0,0,0,0,0,0,0,0,0,0,0,0,0,0,0,0,0,0,0,0,0,0,0,0,0,0,0,0,0,0,0,0,0,0,0,0,0,0,0
"FATHER6_EMG5R",-2,-2,-2,-2,-2,-2,-2,-2,-2,-2,-2,-2,-2,-2,-2,-2,-2,-2,-2,-2,-2,-2,-2,-2,-2,-2,-2,-2,-2,-2,-2,-2,-2,-2,-2,-2,-2,-2,-2,-2,-2,-2,-2,-2,-2
"FATHER6_EMG6R",-2,-2,-2,-2,-2,-2,-2,-2,-2,-2,-2,-2,-2,-2,-2,-2,-2,-2,-2,-2,-2,-2,-2,-2,-2,-2,-2,-2,-2,-2,-2,-2,-2,-2,-2,-2,-2,-2,-2,-2,-2,-2,-2,-2,-2
"FATHER6_EMG7R",0,0,0,0,0,0,0,0,0,0,0,0,0,0,0,0,0,0,0,0,0,0,0,0,0,0,0,0,0,0,0,0,0,0,0,0,0,0,0,0,0,0,0,0,0
"FATHER6_GLX",0.8125,1.4375,-0.0625,0.0625,-1.5625,2.5,3.0625,4.125,31.6875,71.3125,-9.875,5.625,-45.25,-87.625,-106.75,-15.125,-32.75,16.9375,8.75,29.5625,4.9375,-32.6875,21.5,-16.3125,-1.3125,-2.6875,-3.6875,6.9375,2.3125,42.5625,25.875,58.75,38.9375,90.75,28.875,49.75,-12.1875,3.625,1.0625,-39.875,51.75,19.1875,-40.625,-19.875,1.75
"FATHER6_GLY",0.8125,1.4375,-0.0625,0.0625,-1.5625,2.5,3.0625,4.125,31.6875,71.3125,-9.875,5.625,-45.25,-87.625,-106.75,-15.125,-32.75,16.9375,8.75,29.5625,4.9375,-32.6875,21.5,-16.3125,-1.3125,-2.6875,-3.6875,6.9375,2.3125,42.5625,25.875,58.75,38.9375,90.75,28.875,49.75,-12.1875,3.625,1.0625,-39.875,51.75,19.1875,-40.625,-19.875,1.75
"FATHER6_GLZ",0.8125,1.4375,-0.0625,0.0625,-1.5625,2.5,3.0625,4.125,31.6875,71.3125,-9.875,5.625,-45.25,-87.625,-106.75,-15.125,-32.75,16.9375,8.75,29.5625,4.9375,-32.6875,21.5,-16.3125,-1.3125,-2.6875,-3.6875,6.9375,2.3125,42.5625,25.875,58.75,38.9375,90.75,28.875,49.75,-12.1875,3.625,1.0625,-39.875,51.75,19.1875,-40.625,-19.875,1.75
"FATHER6_GRX",1.75,1.75,1.75,1.75,1.75,1.75,1.75,1.75,1.75,1.75,1.75,1.75,1.75,1.75,1.75,1.75,1.75,1.75,1.75,1.75,1.75,1.75,1.75,1.75,1.75,1.75,1.75,1.75,1.75,1.75,1.75,1.75,1.75,1.75,1.75,1.75,1.75,1.75,1.75,1.75,1.75,1.75,1.75,1.75,1.75
"FATHER6_GRY",1.75,1.75,1.75,1.75,1.75,1.75,1.75,1.75,1.75,1.75,1.75,1.75,1.75,1.75,1.75,1.75,1.75,1.75,1.75,1.75,1.75,1.75,1.75,1.75,1.75,1.75,1.75,1.75,1.75,1.75,1.75,1.75,1.75,1.75,1.75,1.75,1.75,1.75,1.75,1.75,1.75,1.75,1.75,1.75,1.75
"FATHER6_GRZ",1.75,1.75,1.75,1.75,1.75,1.75,1.75,1.75,1.75,1.75,1.75,1.75,1.75,1.75,1.75,1.75,1.75,1.75,1.75,1.75,1.75,1.75,1.75,1.75,1.75,1.75,1.75,1.75,1.75,1.75,1.75,1.75,1.75,1.75,1.75,1.75,1.75,1.75,1.75,1.75,1.75,1.75,1.75,1.75,1.75
"FATHER6_ORL",4.200737,4.203404,4.205297,4.20692,4.20839,4.206096,4.211417,4.212768,4.296,4.455104,4.569875,4.579616,4.501657,4.373751,4.145737,3.837287,3.548068,3.360804,3.231138,3.207598,3.130331,3.192774,3.238559,3.209284,3.12871,3.162893,3.185252,3.221102,3.312568,3.509348,3.707676,4.026919,4.185849,4.376067,4.462193,4.51565,4.481262,4.478518,4.42941,4.243855,4.209347,4.29278,4.233938,4.203456,4.243115
"FATHER6_OPL",7.024816,7.022644,7.021989,7.020006,7.019806,7.018977,7.017242,7.013527,6.976747,6.833483,6.401579,6.088544,5.115938,4.527312,4.047071,3.635639,3.460509,3.380065,3.337748,3.322383,3.298388,3.30624,3.330117,3.327887,3.311166,3.316947,3.321044,3.335107,3.369711,3.445553,3.622761,4.020347,4.421169,5.025116,5.474612,5.861595,6.296018,6.591871,6.832611,7.015033,7.085518,7.069362,7.042016,7.031248,7.011352
"FATHER6_OYL",6.532926,6.534798,6.536213,6.538567,6.540297,6.536324,6.533979,6.531724,6.578356,6.641321,6.720378,6.734636,6.797124,6.896157,7.044131,7.38791,7.673284,7.910366,8.093975,8.162607,8.239507,8.157699,8.122284,8.1477,8.228122,8.185747,8.16576,8.125818,8.022848,7.856216,7.667456,7.402854,7.209277,7.023148,6.937991,6.898911,6.865352,6.846981,6.797184,6.650839,6.600821,6.631348,6.649064,6.645382,6.686896
"FATHER6_ORR",8.23146,8.23146,8.23146,8.23146,8.23146,8.23146,8.23146,8.23146,8.23146,8.23146,8.23146,8.23146,8.23146,8.23146,8.23146,8.23146,8.23146,8.23146,8.23146,8.23146,8.23146,8.23146,8.23146,8.23146,8.23146,8.23146,8.23146,8.23146,8.23146,8.23146,8.23146,8.23146,8.23146,8.23146,8.23146,8.23146,8.23146,8.23146,8.23146,8.23146,8.23146,8.23146,8.23146,8.23146,8.23146
"FATHER6_OPR",6.911189,6.911189,6.911189,6.911189,6.911189,6.911189,6.911189,6.911189,6.911189,6.911189,6.911189,6.911189,6.911189,6.911189,6.911189,6.911189,6.911189,6.911189,6.911189,6.911189,6.911189,6.911189,6.911189,6.911189,6.911189,6.911189,6.911189,6.911189,6.911189,6.911189,6.911189,6.911189,6.911189,6.911189,6.911189,6.911189,6.911189,6.911189,6.911189,6.911189,6.911189,6.911189,6.911189,6.911189,6.911189
"FATHER6_OYR",6.425256,6.425256,6.425256,6.425256,6.425256,6.425256,6.425256,6.425256,6.425256,6.425256,6.425256,6.425256,6.425256,6.425256,6.425256,6.425256,6.425256,6.425256,6.425256,6.425256,6.425256,6.425256,6.425256,6.425256,6.425256,6.425256,6.425256,6.425256,6.425256,6.425256,6.425256,6.425256,6.425256,6.425256,6.425256,6.425256,6.425256,6.425256,6.425256,6.425256,6.425256,6.425256,6.425256,6.425256,6.425256
"FATHER7_ALX",-0.9780273,-0.9833984,-0.9882813,-0.9819336,-0.9824219,-0.9868164,-0.9892578,-1.063477,-1.243164,-1.105957,-0.972168,-0.6235352,-0.21875,0.2211914,0.2963867,0.4448242,0.6425781,0.6987305,0.8012695,0.8666992,0.7763672,0.9257813,0.8520508,0.8208008,0.902832,0.8168945,0.8691406,0.7734375,0.7182617,0.4916992,0.3823242,0.5854492,0.5097656,0.2236328,-0.109375,-0.6777344,-0.9013672,-1.068359,-1.235352,-1.192871,-0.9882813,-0.9135742,-0.9648438,-1.005859,-0.9785156
"FATHER7_ALY",-0.105957,-0.09082031,-0.09521484,-0.09472656,-0.08935547,-0.09326172,-0.08984375,-0.2426758,-0.3007813,-0.3085938,-0.2128906,-0.2832031,-0.1743164,-0.2353516,-0.2734375,-0.3339844,-0.3618164,-0.4208984,-0.4736328,-0.4326172,-0.4399414,-0.4711914,-0.3657227,-0.4697266,-0.5400391,-0.4301758,-0.3896484,-0.4824219,-0.3652344,-0.3857422,-0.3173828,-0.3139648,-0.2958984,-0.3862305,-0.2490234,-0.1904297,-0.09619141,-0.2817383,-0.2285156,-0.3334961,-0.1132813,-0.2607422,-0.128418,-0.1660156,-0.1547852
"FATHER7_ALZ",0.309082,0.3110352,0.3105469,0.309082,0.3081055,0.3046875,0.309082,0.4555664,0.7680664,0.9682617,1.149414,1.09082,0.909668,0.6269531,0.453125,0.3813477,0.2626953,0.2700195,0.2114258,0.1342773,0.1875,0.2075195,0.3310547,0.2675781,0.07080078,0.2592773,0.1943359,0.2333984,0.2402344,0.3056641,0.3764648,0.5776367,0.7314453,0.8676758,1.029297,1.000488,0.8510742,0.6289063,0.4931641,0.3671875,0.3676758,0.3818359,0.3095703,0.2719727,0.2905273
"FATHER7_ARX",-0.9443359,-0.9443359,-0.9443359,-0.9443359,-0.9443359,-0.9443359,-0.9443359,-0.9443359,-0.9443359,-0.9443359,-0.9443359,-0.9443359,-0.9443359,-0.9443359,-0.9443359,-0.9443359,-0.9443359,-0.9443359,-0.9443359,-0.9443359,-0.9443359,-0.9443359,-0.9443359,-0.9443359,-0.9443359,-0.9443359,-0.9443359,-0.9443359,-0.9443359,-0.9443359,-0.9443359,-0.9443359,-0.9443359,-0.9443359,-0.9443359,-0.9443359,-0.9443359,-0.9443359,-0.9443359,-0.9443359,-0.9443359,-0.9443359,-0.9443359,-0.9443359,-0.9443359
"FATHER7_ARY",0.3154297,0.3154297,0.3154297,0.3154297,0.3154297,0.3154297,0.3154297,0.3154297,0.3154297,0.3154297,0.3154297,0.3154297,0.3154297,0.3154297,0.3154297,0.3154297,0.3154297,0.3154297,0.3154297,0.3154297,0.3154297,0.3154297,0.3154297,0.3154297,0.3154297,0.3154297,0.3154297,0.3154297,0.3154297,0.3154297,0.3154297,0.3154297,0.3154297,0.3154297,0.3154297,0.3154297,0.3154297,0.3154297,0.3154297,0.3154297,0.3154297,0.3154297,0.3154297,0.3154297,0.3154297
"FATHER7_ARZ",-0.1645508,-0.1645508,-0.1645508,-0.1645508,-0.1645508,-0.1645508,-0.1645508,-0.1645508,-0.1645508,-0.1645508,-0.1645508,-0.1645508,-0.1645508,-0.1645508,-0.1645508,-0.1645508,-0.1645508,-0.1645508,-0.1645508,-0.1645508,-0.1645508,-0.1645508,-0.1645508,-0.1645508,-0.1645508,-0.1645508,-0.1645508,-0.1645508,-0.1645508,-0.1645508,-0.1645508,-0.1645508,-0.1645508,-0.1645508,-0.1645508,-0.1645508,-0.1645508,-0.1645508,-0.1645508,-0.1645508,-0.1645508,-0.1645508,-0.1645508,-0.1645508,-0.1645508
"FATHER7_EMG0L",2,-4,-2,1,0,2,0,-3,3,-1,-9,2,9,10,-3,-9,2,-3,-3,-9,-15,5,3,-10,2,-5,0,4,0,2,2,-1,0,1,0,0,-1,1,-1,-3,-2,1,-7,1,1
"FATHER7_EMG1L",1,-1,-2,1,-1,-3,-1,-5,1,0,-6,-3,7,6,-3,2,-9,-1,4,-6,-2,1,1,-2,6,-2,2,0,2,-2,-1,0,-1,0,0,-1,-1,0,6,-1,-1,-1,-2,-2,0
"FATHER7_EMG2L",3,-1,-1,0,-1,-1,-1,-17,-7,8,-39,-1,7,13,-16,-1,-9,-6,4,-2,6,-5,-1,6,12,3,2,7,3,5,-4,1,0,-2,10,-6,-3,-6,7,4,-2,-4,-2,-2,0
"FATHER7_EMG3L",1,1,-1,-1,0,-2,-4,-4,-6,-22,-47,-29,-1,13,2,-1,-10,9,3,1,2,8,-2,3,2,-6,-2,-1,4,1,1,-1,-2,-2,5,4,-2,-1,0,2,0,-2,0,-2,0
"FATHER7_EMG4L",-1,-2,0,-1,0,0,-1,-22,-24,-5,-54,-18,12,13,3,1,-11,6,3,-8,0,9,-4,1,-1,-6,-4,-9,-2,-1,-1,2,-2,0,0,0,1,-2,-2,0,-2,-1,1,-2,0
"FATHER7_EMG5L",0,1,-1,-1,-1,-1,2,-21,-25,0,-14,-12,-1,33,-4,-29,11,14,1,-39,38,-6,43,-31,22,-11,-19,-23,0,5,6,-1,-6,-5,-4,-5,5,-2,2,-1,-1,1,0,-2,0
"FATHER7_EMG6L",0,0,-2,0,1,0,0,-1,-20,7,-4,17,4,12,17,-16,6,15,-5,-50,-44,-1,3,-63,27,24,-36,-20,4,-4,-1,-6,-7,0,-1,-6,-1,-2,0,0,-2,-1,0,-2,-2
"FATHER7_EMG7L",0,-1,2,-4,-2,2,-1,-2,-5,5,1,0,-9,5,4,-14,5,-3,-2,-8,-11,8,2,-11,2,7,-4,-1,-5,-3,0,-4,-2,-1,4,-3,-2,0,-3,-16,-1,-2,0,1,0
"FATHER7_EMG0R",-1,-1,-1,-1,-1,-1,-1,-1,-1,-1,-1,-1,-1,-1,-1,-1,-1,-1,-1,-1,-1,-1,-1,-1,-1,-1,-1,-1,-1,-1,-1,-1,-1,-1,-1,-1,-1,-1,-1,-1,-1,-1,-1,-1,-1
"FATHER7_EMG1R",-1,-1,-1,-1,-1,-1,-1,-1,-1,-1,-1,-1,-1,-1,-1,-1,-1,-1,-1,-1,-1,-1,-1,-1,-1,-1,-1,-1,-1,-1,-1,-1,-1,-1,-1,-1,-1,-1,-1,-1,-1,-1,-1,-1,-1
"FATHER7_EMG2R",0,0,0,0,0,0,0,0,0,0,0,0,0,0,0,0,0,0,0,0,0,0,0,0,0,0,0,0,0,0,0,0,0,0,0,0,0,0,0,0,0,0,0,0,0
"FATHER7_EMG3R",0,0,0,0,0,0,0,0,0,0,0,0,0,0,0,0,0,0,0,0,0,0,0,0,0,0,0,0,0,0,0,0,0,0,0,0,0,0,0,0,0,0,0,0,0
"FATHER7_EMG4R",0,0,0,0,0,0,0,0,0,0,0,0,0,0,0,0,0,0,0,0,0,0,0,0,0,0,0,0,0,0,0,0,0,0,0,0,0,0,0,0,0,0,0,0,0
"FATHER7_EMG5R",-2,-2,-2,-2,-2,-2,-2,-2,-2,-2,-2,-2,-2,-2,-2,-2,-2,-2,-2,-2,-2,-2,-2,-2,-2,-2,-2,-2,-2,-2,-2,-2,-2,-2,-2,-2,-2,-2,-2,-2,-2,-2,-2,-2,-2
"FATHER7_EMG6R",-2,-2,-2,-2,-2,-2,-2,-2,-2,-2,-2,-2,-2,-2,-2,-2,-2,-2,-2,-2,-2,-2,-2,-2,-2,-2,-2,-2,-2,-2,-2,-2,-2,-2,-2,-2,-2,-2,-2,-2,-2,-2,-2,-2,-2
"FATHER7_EMG7R",0,0,0,0,0,0,0,0,0,0,0,0,0,0,0,0,0,0,0,0,0,0,0,0,0,0,0,0,0,0,0,0,0,0,0,0,0,0,0,0,0,0,0,0,0
"FATHER7_GLX",0.625,2.8125,2.75,1.1875,-2.375,-0.125,-1.375,-30.375,83.0625,-53.0625,5.375,-38.375,-63.125,-86.875,-47.3125,-38.5,1.3125,2.9375,7.9375,9.3125,8.8125,-13.6875,25.5,-17.9375,7.625,-14.125,5.75,-10.75,3.5625,18.6875,44.4375,103.6875,79.4375,92.75,30.0625,-13.5625,27.3125,-63.5625,-38.5,-3,3.3125,37.9375,16.8125,-7.875,4.6875
"FATHER7_GLY",0.625,2.8125,2.75,1.1875,-2.375,-0.125,-1.375,-30.375,83.0625,-53.0625,5.375,-38.375,-63.125,-86.875,-47.3125,-38.5,1.3125,2.9375,7.9375,9.3125,8.8125,-13.6875,25.5,-17.9375,7.625,-14.125,5.75,-10.75,3.5625,18.6875,44.4375,103.6875,79.4375,92.75,30.0625,-13.5625,27.3125,-63.5625,-38.5,-3,3.3125,37.9375,16.8125,-7.875,4.6875
"FATHER7_GLZ",0.625,2.8125,2.75,1.1875,-2.375,-0.125,-1.375,-30.375,83.0625,-53.0625,5.375,-38.375,-63.125,-86.875,-47.3125,-38.5,1.3125,2.9375,7.9375,9.3125,8.8125,-13.6875,25.5,-17.9375,7.625,-14.125,5.75,-10.75,3.5625,18.6875,44.4375,103.6875,79.4375,92.75,30.0625,-13.5625,27.3125,-63.5625,-38.5,-3,3.3125,37.9375,16.8125,-7.875,4.6875
"FATHER7_GRX",1.75,1.75,1.75,1.75,1.75,1.75,1.75,1.75,1.75,1.75,1.75,1.75,1.75,1.75,1.75,1.75,1.75,1.75,1.75,1.75,1.75,1.75,1.75,1.75,1.75,1.75,1.75,1.75,1.75,1.75,1.75,1.75,1.75,1.75,1.75,1.75,1.75,1.75,1.75,1.75,1.75,1.75,1.75,1.75,1.75
"FATHER7_GRY",1.75,1.75,1.75,1.75,1.75,1.75,1.75,1.75,1.75,1.75,1.75,1.75,1.75,1.75,1.75,1.75,1.75,1.75,1.75,1.75,1.75,1.75,1.75,1.75,1.75,1.75,1.75,1.75,1.75,1.75,1.75,1.75,1.75,1.75,1.75,1.75,1.75,1.75,1.75,1.75,1.75,1.75,1.75,1.75,1.75
"FATHER7_GRZ",1.75,1.75,1.75,1.75,1.75,1.75,1.75,1.75,1.75,1.75,1.75,1.75,1.75,1.75,1.75,1.75,1.75,1.75,1.75,1.75,1.75,1.75,1.75,1.75,1.75,1.75,1.75,1.75,1.75,1.75,1.75,1.75,1.75,1.75,1.75,1.75,1.75,1.75,1.75,1.75,1.75,1.75,1.75,1.75,1.75
"FATHER7_ORL",4.522797,4.535437,4.546037,4.55657,4.561434,4.561981,4.561992,4.428572,4.48556,4.538783,4.516313,4.48354,4.413639,4.171206,3.92424,3.653318,3.411871,3.231714,3.076492,3.00627,3.016751,3.061788,3.16447,3.118703,3.049837,3.087817,3.134951,3.154643,3.280892,3.419209,3.667703,4.067527,4.233686,4.456746,4.52967,4.555309,4.550374,4.405344,4.251193,3.968184,4.120959,4.154328,4.213238,4.188227,4.15448
"FATHER7_OPL",6.995357,6.995754,6.99628,6.995627,6.995563,6.995831,6.995485,6.945119,6.79044,6.500009,5.914063,5.355624,4.758631,4.061515,3.702707,3.483635,3.371874,3.322925,3.28924,3.272553,3.275845,3.280504,3.305125,3.29901,3.301161,3.300085,3.299756,3.294909,3.305106,3.359194,3.493823,3.896692,4.169989,4.811481,5.33159,5.812919,6.343764,6.774876,6.937145,7.054729,7.08042,7.042301,7.036451,7.040257,7.032783
"FATHER7_OYL",6.820545,6.82919,6.835582,6.843146,6.853716,6.855338,6.856164,6.752011,6.745759,6.807828,6.825937,6.854751,6.928505,7.106679,7.318326,7.581279,7.849662,8.057564,8.249212,8.350275,8.347183,8.289629,8.216167,8.257282,8.330207,8.281431,8.237858,8.192957,8.074611,7.933022,7.71453,7.418934,7.304339,7.153049,7.083909,7.050202,7.027819,6.972165,6.857578,6.605298,6.661564,6.674896,6.680072,6.65698,6.629944
"FATHER7_ORR",8.23146,8.23146,8.23146,8.23146,8.23146,8.23146,8.23146,8.23146,8.23146,8.23146,8.23146,8.23146,8.23146,8.23146,8.23146,8.23146,8.23146,8.23146,8.23146,8.23146,8.23146,8.23146,8.23146,8.23146,8.23146,8.23146,8.23146,8.23146,8.23146,8.23146,8.23146,8.23146,8.23146,8.23146,8.23146,8.23146,8.23146,8.23146,8.23146,8.23146,8.23146,8.23146,8.23146,8.23146,8.23146
"FATHER7_OPR",6.911189,6.911189,6.911189,6.911189,6.911189,6.911189,6.911189,6.911189,6.911189,6.911189,6.911189,6.911189,6.911189,6.911189,6.911189,6.911189,6.911189,6.911189,6.911189,6.911189,6.911189,6.911189,6.911189,6.911189,6.911189,6.911189,6.911189,6.911189,6.911189,6.911189,6.911189,6.911189,6.911189,6.911189,6.911189,6.911189,6.911189,6.911189,6.911189,6.911189,6.911189,6.911189,6.911189,6.911189,6.911189
"FATHER7_OYR",6.425256,6.425256,6.425256,6.425256,6.425256,6.425256,6.425256,6.425256,6.425256,6.425256,6.425256,6.425256,6.425256,6.425256,6.425256,6.425256,6.425256,6.425256,6.425256,6.425256,6.425256,6.425256,6.425256,6.425256,6.425256,6.425256,6.425256,6.425256,6.425256,6.425256,6.425256,6.425256,6.425256,6.425256,6.425256,6.425256,6.425256,6.425256,6.425256,6.425256,6.425256,6.425256,6.425256,6.425256,6.425256
"FATHER8_ALX",0,0,0,0,0,0,0,0,0,0,0,0,0,0,0,0,0,0,0,0,0,0,0,0,0,0,0,0,0,0,0,0,0,0,0,0,0,0,0,0,0,0,0,0,0
"FATHER8_ALY",0,0,0,0,0,0,0,0,0,0,0,0,0,0,0,0,0,0,0,0,0,0,0,0,0,0,0,0,0,0,0,0,0,0,0,0,0,0,0,0,0,0,0,0,0
"FATHER8_ALZ",0,0,0,0,0,0,0,0,0,0,0,0,0,0,0,0,0,0,0,0,0,0,0,0,0,0,0,0,0,0,0,0,0,0,0,0,0,0,0,0,0,0,0,0,0
"FATHER8_ARX",0,0,0,0,0,0,0,0,0,0,0,0,0,0,0,0,0,0,0,0,0,0,0,0,0,0,0,0,0,0,0,0,0,0,0,0,0,0,0,0,0,0,0,0,0
"FATHER8_ARY",0,0,0,0,0,0,0,0,0,0,0,0,0,0,0,0,0,0,0,0,0,0,0,0,0,0,0,0,0,0,0,0,0,0,0,0,0,0,0,0,0,0,0,0,0
"FATHER8_ARZ",0,0,0,0,0,0,0,0,0,0,0,0,0,0,0,0,0,0,0,0,0,0,0,0,0,0,0,0,0,0,0,0,0,0,0,0,0,0,0,0,0,0,0,0,0
"FATHER8_EMG0L",0,0,0,0,0,0,0,0,0,0,0,0,0,0,0,0,0,0,0,0,0,0,0,0,0,0,0,0,0,0,0,0,0,0,0,0,0,0,0,0,0,0,0,0,0
"FATHER8_EMG1L",0,0,0,0,0,0,0,0,0,0,0,0,0,0,0,0,0,0,0,0,0,0,0,0,0,0,0,0,0,0,0,0,0,0,0,0,0,0,0,0,0,0,0,0,0
"FATHER8_EMG2L",0,0,0,0,0,0,0,0,0,0,0,0,0,0,0,0,0,0,0,0,0,0,0,0,0,0,0,0,0,0,0,0,0,0,0,0,0,0,0,0,0,0,0,0,0
"FATHER8_EMG3L",0,0,0,0,0,0,0,0,0,0,0,0,0,0,0,0,0,0,0,0,0,0,0,0,0,0,0,0,0,0,0,0,0,0,0,0,0,0,0,0,0,0,0,0,0
"FATHER8_EMG4L",0,0,0,0,0,0,0,0,0,0,0,0,0,0,0,0,0,0,0,0,0,0,0,0,0,0,0,0,0,0,0,0,0,0,0,0,0,0,0,0,0,0,0,0,0
"FATHER8_EMG5L",0,0,0,0,0,0,0,0,0,0,0,0,0,0,0,0,0,0,0,0,0,0,0,0,0,0,0,0,0,0,0,0,0,0,0,0,0,0,0,0,0,0,0,0,0
"FATHER8_EMG6L",0,0,0,0,0,0,0,0,0,0,0,0,0,0,0,0,0,0,0,0,0,0,0,0,0,0,0,0,0,0,0,0,0,0,0,0,0,0,0,0,0,0,0,0,0
"FATHER8_EMG7L",0,0,0,0,0,0,0,0,0,0,0,0,0,0,0,0,0,0,0,0,0,0,0,0,0,0,0,0,0,0,0,0,0,0,0,0,0,0,0,0,0,0,0,0,0
"FATHER8_EMG0R",0,0,0,0,0,0,0,0,0,0,0,0,0,0,0,0,0,0,0,0,0,0,0,0,0,0,0,0,0,0,0,0,0,0,0,0,0,0,0,0,0,0,0,0,0
"FATHER8_EMG1R",0,0,0,0,0,0,0,0,0,0,0,0,0,0,0,0,0,0,0,0,0,0,0,0,0,0,0,0,0,0,0,0,0,0,0,0,0,0,0,0,0,0,0,0,0
"FATHER8_EMG2R",0,0,0,0,0,0,0,0,0,0,0,0,0,0,0,0,0,0,0,0,0,0,0,0,0,0,0,0,0,0,0,0,0,0,0,0,0,0,0,0,0,0,0,0,0
"FATHER8_EMG3R",0,0,0,0,0,0,0,0,0,0,0,0,0,0,0,0,0,0,0,0,0,0,0,0,0,0,0,0,0,0,0,0,0,0,0,0,0,0,0,0,0,0,0,0,0
"FATHER8_EMG4R",0,0,0,0,0,0,0,0,0,0,0,0,0,0,0,0,0,0,0,0,0,0,0,0,0,0,0,0,0,0,0,0,0,0,0,0,0,0,0,0,0,0,0,0,0
"FATHER8_EMG5R",0,0,0,0,0,0,0,0,0,0,0,0,0,0,0,0,0,0,0,0,0,0,0,0,0,0,0,0,0,0,0,0,0,0,0,0,0,0,0,0,0,0,0,0,0
"FATHER8_EMG6R",0,0,0,0,0,0,0,0,0,0,0,0,0,0,0,0,0,0,0,0,0,0,0,0,0,0,0,0,0,0,0,0,0,0,0,0,0,0,0,0,0,0,0,0,0
"FATHER8_EMG7R",0,0,0,0,0,0,0,0,0,0,0,0,0,0,0,0,0,0,0,0,0,0,0,0,0,0,0,0,0,0,0,0,0,0,0,0,0,0,0,0,0,0,0,0,0
"FATHER8_GLX",0,0,0,0,0,0,0,0,0,0,0,0,0,0,0,0,0,0,0,0,0,0,0,0,0,0,0,0,0,0,0,0,0,0,0,0,0,0,0,0,0,0,0,0,0
"FATHER8_GLY",0,0,0,0,0,0,0,0,0,0,0,0,0,0,0,0,0,0,0,0,0,0,0,0,0,0,0,0,0,0,0,0,0,0,0,0,0,0,0,0,0,0,0,0,0
"FATHER8_GLZ",0,0,0,0,0,0,0,0,0,0,0,0,0,0,0,0,0,0,0,0,0,0,0,0,0,0,0,0,0,0,0,0,0,0,0,0,0,0,0,0,0,0,0,0,0
"FATHER8_GRX",0,0,0,0,0,0,0,0,0,0,0,0,0,0,0,0,0,0,0,0,0,0,0,0,0,0,0,0,0,0,0,0,0,0,0,0,0,0,0,0,0,0,0,0,0
"FATHER8_GRY",0,0,0,0,0,0,0,0,0,0,0,0,0,0,0,0,0,0,0,0,0,0,0,0,0,0,0,0,0,0,0,0,0,0,0,0,0,0,0,0,0,0,0,0,0
"FATHER8_GRZ",0,0,0,0,0,0,0,0,0,0,0,0,0,0,0,0,0,0,0,0,0,0,0,0,0,0,0,0,0,0,0,0,0,0,0,0,0,0,0,0,0,0,0,0,0
"FATHER8_ORL",0,0,0,0,0,0,0,0,0,0,0,0,0,0,0,0,0,0,0,0,0,0,0,0,0,0,0,0,0,0,0,0,0,0,0,0,0,0,0,0,0,0,0,0,0
"FATHER8_OPL",0,0,0,0,0,0,0,0,0,0,0,0,0,0,0,0,0,0,0,0,0,0,0,0,0,0,0,0,0,0,0,0,0,0,0,0,0,0,0,0,0,0,0,0,0
"FATHER8_OYL",0,0,0,0,0,0,0,0,0,0,0,0,0,0,0,0,0,0,0,0,0,0,0,0,0,0,0,0,0,0,0,0,0,0,0,0,0,0,0,0,0,0,0,0,0
"FATHER8_ORR",0,0,0,0,0,0,0,0,0,0,0,0,0,0,0,0,0,0,0,0,0,0,0,0,0,0,0,0,0,0,0,0,0,0,0,0,0,0,0,0,0,0,0,0,0
"FATHER8_OPR",0,0,0,0,0,0,0,0,0,0,0,0,0,0,0,0,0,0,0,0,0,0,0,0,0,0,0,0,0,0,0,0,0,0,0,0,0,0,0,0,0,0,0,0,0
"FATHER8_OYR",0,0,0,0,0,0,0,0,0,0,0,0,0,0,0,0,0,0,0,0,0,0,0,0,0,0,0,0,0,0,0,0,0,0,0,0,0,0,0,0,0,0,0,0,0